Bernie,Beyonce,BlackLivesMatter,Cruz,HillaryClinton,SB50,Trump
0,1,0,0,0,0,0
0,1,0,0,0,0,0
0,0,0,1,0,0,0
0,1,0,0,0,0,0
0,0,0,0,0,0,0
0,0,0,0,0,0,1
0,0,0,0,0,0,0
0,0,0,1,0,0,0
0,0,0,0,0,0,1
0,1,0,0,0,0,0
0,0,0,0,0,0,0
1,0,0,0,0,0,0
0,0,0,0,0,0,1
0,1,0,0,0,0,0
0,0,0,0,0,0,0
0,0,0,1,0,0,0
0,0,0,1,0,0,0
0,0,0,0,0,0,0
0,0,0,0,0,0,0
0,0,0,0,0,1,0
1,0,0,0,0,0,0
1,0,0,0,0,0,0
0,1,0,0,0,0,0
0,0,0,0,0,0,1
0,0,0,0,0,0,0
0,0,0,0,0,0,0
0,0,0,0,0,0,0
0,0,0,0,0,0,1
0,0,0,0,0,0,0
0,1,0,0,0,0,0
0,0,0,0,0,0,1
0,0,0,1,0,0,0
0,0,0,0,0,0,1
0,0,0,0,0,0,0
0,1,0,0,0,0,0
0,0,0,1,0,0,0
0,0,0,0,0,0,0
0,1,0,0,0,0,0
0,0,0,0,0,0,0
0,1,0,0,0,0,0
0,0,0,0,1,0,0
0,1,0,0,0,0,0
0,0,0,0,0,0,0
0,0,0,0,0,0,0
0,0,0,1,0,0,0
0,0,0,0,0,0,1
0,1,0,0,0,0,0
0,1,0,0,0,0,0
0,0,0,0,0,0,0
0,0,0,0,0,0,1
0,0,0,0,0,0,1
0,0,0,0,0,0,1
1,0,0,0,0,0,0
0,0,0,1,0,0,0
1,0,0,0,0,0,0
0,0,0,0,0,0,1
0,0,1,0,0,0,1
0,1,0,0,0,0,0
1,0,0,0,0,0,0
0,0,0,0,0,0,0
0,1,0,0,0,0,0
0,0,0,0,0,0,1
1,0,0,0,0,0,0
0,0,0,1,0,0,0
0,0,0,0,0,0,1
0,0,0,0,0,0,0
0,0,0,0,0,0,0
0,0,0,0,0,0,1
1,0,0,0,0,0,0
0,0,0,1,0,0,1
0,0,0,0,1,0,0
0,0,0,0,0,0,1
1,0,0,0,0,0,0
0,1,0,0,0,0,0
0,0,0,0,1,0,0
0,1,0,0,0,0,0
0,0,0,0,0,0,1
0,0,1,0,0,0,1
0,1,0,0,0,0,0
1,0,0,0,0,0,0
0,0,0,0,0,0,1
0,1,0,0,0,0,0
0,0,0,0,0,0,0
0,0,0,0,0,0,1
0,0,0,0,0,0,0
0,0,0,0,0,0,0
0,0,0,0,0,0,0
0,0,0,0,0,0,0
1,0,0,0,0,0,0
0,1,0,0,0,0,0
0,0,0,0,0,0,1
0,0,0,0,0,0,0
0,0,0,0,0,0,0
0,1,0,0,0,0,0
0,0,0,0,0,0,1
1,0,0,0,0,0,0
0,0,0,1,0,0,0
0,0,0,1,0,0,0
0,0,0,0,0,1,0
0,0,0,0,0,0,0
0,0,0,0,0,0,1
0,0,0,0,0,0,1
1,0,0,0,0,0,0
0,0,0,0,0,0,0
0,0,0,0,0,0,0
0,0,0,0,0,0,0
1,0,0,0,1,0,0
0,1,0,0,0,0,0
0,0,0,1,0,0,1
0,0,1,0,0,0,0
0,0,0,0,0,0,0
1,0,0,0,0,0,0
0,0,0,0,0,0,0
0,0,0,0,0,0,1
0,0,0,0,0,0,1
0,0,0,1,0,0,0
0,0,1,0,0,0,0
0,0,0,1,0,0,0
0,0,0,0,0,0,0
0,0,0,0,0,0,0
0,1,0,0,0,0,0
1,0,0,0,0,0,0
0,0,0,0,0,0,1
0,0,0,0,1,0,0
0,0,0,0,0,0,1
0,0,0,0,0,0,0
0,1,0,0,0,0,0
0,0,0,0,0,0,0
1,0,0,0,0,0,0
0,1,0,0,0,0,0
1,0,0,0,0,0,0
1,0,0,0,0,0,0
0,0,0,0,0,0,0
0,0,0,0,0,0,0
0,0,0,0,0,0,0
0,0,0,0,0,0,1
1,0,0,0,0,0,0
0,0,0,0,0,0,0
1,0,0,0,0,0,1
0,1,0,0,0,0,0
0,1,0,0,0,0,0
0,0,0,0,0,1,0
1,0,0,0,0,0,0
0,1,0,0,0,0,1
0,0,0,0,0,0,0
0,0,0,0,0,0,0
1,0,0,0,1,0,0
1,0,0,0,0,0,0
0,0,0,1,0,0,0
0,0,0,0,0,0,1
0,0,0,0,0,0,0
0,0,0,0,0,0,1
0,0,0,0,1,0,0
0,0,0,0,0,0,0
0,0,0,0,0,0,1
1,0,0,0,0,0,0
0,0,0,0,0,0,1
0,0,0,0,0,0,1
0,0,0,0,0,0,1
1,0,0,0,0,0,0
0,0,0,0,0,0,1
0,0,0,0,0,0,0
0,1,0,0,0,0,0
0,1,0,0,0,0,0
1,0,0,0,0,0,0
0,0,0,0,0,0,0
0,0,0,0,0,0,0
0,0,0,1,0,0,0
0,1,0,0,0,0,0
1,0,0,0,0,0,0
0,0,0,0,0,0,0
0,0,0,0,0,0,1
0,0,0,0,0,0,1
0,0,0,0,0,0,1
0,0,0,0,0,0,1
0,0,0,0,0,0,1
0,1,0,0,0,0,0
0,1,0,0,0,0,0
0,0,0,0,0,0,0
0,0,0,0,0,0,1
1,0,0,0,0,0,0
0,0,1,0,0,0,0
1,0,0,0,0,0,0
0,0,0,1,0,0,0
0,1,0,0,0,0,0
0,0,0,1,0,0,0
1,0,0,0,0,0,0
1,0,0,0,0,0,0
0,0,0,0,0,0,1
0,0,0,0,0,0,1
0,0,0,0,0,0,1
0,0,0,1,0,0,0
0,1,0,0,0,0,0
0,1,0,0,0,0,0
0,0,0,0,0,1,0
0,0,0,0,0,0,0
0,0,0,1,0,0,0
0,1,0,0,0,0,0
0,0,0,1,0,0,0
0,1,0,0,0,0,0
1,0,0,0,0,0,0
0,1,0,0,0,0,0
1,0,0,0,0,0,0
0,0,0,0,0,0,1
0,1,0,0,0,0,0
0,0,0,0,0,0,1
0,0,0,0,0,0,0
1,0,0,0,0,0,0
0,0,0,0,0,1,0
0,0,0,1,0,0,1
0,0,0,0,0,0,1
0,0,0,0,0,0,1
0,1,0,0,0,0,0
0,0,0,1,0,0,0
1,0,0,0,0,0,0
0,0,0,0,0,0,1
0,0,0,0,0,0,0
1,0,0,0,0,0,0
0,0,0,0,0,0,0
1,0,0,0,0,0,0
1,0,0,0,0,0,0
0,1,0,0,0,0,0
0,1,0,0,0,0,0
0,0,0,0,0,1,0
0,0,0,0,0,0,1
0,0,0,0,1,0,0
0,0,0,0,1,0,0
0,0,0,0,0,0,0
0,0,0,0,0,0,1
1,0,0,0,0,0,0
0,1,0,0,0,0,0
1,0,0,0,0,0,1
0,0,0,1,0,0,0
1,0,0,0,0,0,0
0,0,0,1,0,0,0
0,0,0,0,0,0,1
1,0,0,0,0,0,0
0,0,0,0,0,0,1
0,1,0,0,0,0,0
0,0,0,0,0,0,0
0,1,0,0,0,0,0
0,1,0,0,0,0,0
0,0,0,0,0,0,1
0,1,0,0,0,0,0
0,0,0,0,0,0,0
0,0,0,0,0,0,1
1,0,0,0,0,0,0
0,0,0,0,0,0,1
0,0,0,0,0,0,1
0,0,0,0,0,0,0
0,0,0,0,0,0,0
0,1,0,0,0,0,1
1,0,0,0,0,0,0
1,0,0,0,0,0,0
1,0,0,0,0,0,0
0,0,0,1,0,0,0
0,0,0,0,0,0,0
0,0,0,0,0,0,0
1,0,0,0,0,0,0
0,1,0,0,0,0,0
0,1,0,0,0,0,0
1,0,0,0,1,0,0
0,0,0,0,0,0,0
0,0,0,1,0,0,0
0,0,0,0,0,0,1
1,0,0,0,0,0,0
0,0,0,0,1,0,0
0,0,0,0,1,0,0
0,0,0,0,0,0,1
1,0,0,0,0,0,0
0,0,0,0,0,0,1
0,0,0,0,1,0,0
0,1,0,0,0,0,0
0,0,0,0,0,0,0
0,0,0,0,0,0,0
1,0,0,0,0,0,0
0,0,0,0,0,0,0
0,1,0,0,0,0,0
0,1,0,0,0,0,0
0,0,0,0,1,0,0
0,0,0,1,0,0,0
0,0,0,0,0,0,1
0,0,0,1,0,0,0
0,0,0,0,0,1,0
0,0,0,0,0,0,0
1,0,0,0,0,0,0
0,0,0,0,0,0,0
0,0,0,1,0,0,0
0,0,0,0,0,0,1
1,0,0,0,0,0,0
1,0,0,0,0,0,0
1,0,0,0,0,0,0
0,1,0,0,0,0,0
0,0,0,0,0,0,0
0,0,0,0,1,0,0
0,0,0,1,0,0,0
0,0,0,0,0,0,0
0,0,0,0,0,0,0
0,0,0,0,0,0,0
0,0,0,0,0,0,1
0,1,0,0,0,0,0
1,0,0,0,0,0,0
0,0,0,0,0,0,1
0,0,0,1,0,0,0
0,0,0,1,0,0,0
0,0,0,0,0,1,0
0,0,0,0,1,0,0
0,0,0,0,0,0,0
0,0,0,0,0,0,0
0,0,0,0,0,0,1
0,0,0,0,1,0,0
0,1,0,0,0,0,0
0,0,0,0,0,0,1
0,1,0,0,0,0,0
0,0,0,1,0,0,0
1,0,0,0,0,0,0
0,0,0,1,0,0,0
0,0,0,1,0,0,0
0,0,0,0,0,0,0
0,1,0,0,0,0,0
0,0,0,0,0,0,1
0,0,0,0,0,0,1
0,0,0,0,0,0,0
0,0,0,0,0,0,1
0,0,0,0,1,0,0
0,0,0,0,0,0,1
0,0,0,0,1,0,0
1,0,0,0,0,0,0
0,1,0,0,0,0,0
0,1,0,0,0,0,0
0,0,0,0,0,0,0
0,0,0,0,0,0,0
0,0,0,0,0,0,0
0,0,0,0,0,0,1
0,1,0,0,0,0,0
0,1,0,0,0,0,0
0,1,0,0,0,0,0
0,0,0,0,0,0,0
1,0,0,0,0,0,0
1,0,0,0,0,0,0
0,0,0,0,0,0,1
0,0,0,0,0,0,0
1,0,0,0,0,0,0
1,0,0,0,0,0,0
0,0,0,0,0,0,0
0,0,0,0,0,0,1
0,0,0,0,1,0,0
0,0,0,0,0,0,0
0,0,0,0,0,0,1
0,0,0,0,0,0,1
0,0,0,0,0,0,0
1,0,1,0,0,0,0
0,0,0,0,0,0,1
0,1,0,0,0,0,0
1,0,0,0,0,0,0
0,0,0,1,0,0,0
0,0,0,0,0,0,1
0,0,0,0,0,0,1
0,0,0,0,0,0,0
0,0,0,0,1,0,0
0,0,0,0,0,0,0
0,1,0,0,0,0,0
0,0,0,0,0,0,0
0,1,0,0,0,0,0
0,0,0,0,1,0,0
0,0,0,0,0,0,0
0,0,0,0,0,0,0
0,1,0,0,0,0,0
1,0,0,0,0,0,1
0,0,0,0,0,0,0
0,0,0,0,0,0,1
0,0,0,0,0,0,0
0,1,0,0,0,0,0
0,1,0,0,0,0,0
0,0,0,0,1,0,0
0,0,0,0,0,0,0
0,0,0,0,1,0,0
0,0,0,0,0,0,1
0,0,0,0,0,0,1
1,0,0,0,0,0,0
1,0,0,0,0,0,0
0,1,0,0,0,0,0
0,1,0,0,0,0,0
0,0,0,0,0,0,0
0,0,0,1,0,0,0
0,0,0,1,0,0,0
0,0,0,0,0,1,0
0,0,0,0,0,0,0
1,0,0,0,0,0,0
0,0,0,0,0,0,0
1,0,0,0,0,0,0
1,0,1,0,0,0,0
0,0,0,0,0,0,0
0,0,0,0,0,0,0
1,0,0,0,0,0,0
0,0,0,0,0,0,0
1,0,0,0,0,0,0
0,0,1,0,0,0,0
0,0,1,0,0,0,1
1,0,0,0,0,0,0
0,1,0,0,0,0,0
0,0,0,0,0,0,1
0,0,0,0,0,0,1
0,1,0,0,0,0,0
0,0,0,1,0,0,0
0,0,0,0,0,0,1
0,0,0,0,0,0,0
0,0,0,0,0,0,1
0,0,0,0,0,0,1
0,1,0,0,0,0,0
0,1,0,0,0,0,0
0,0,0,0,0,0,1
0,1,0,0,0,0,0
1,0,0,0,0,0,0
0,0,0,1,0,0,0
0,0,0,1,0,0,0
0,0,0,0,0,0,0
0,0,0,0,0,0,0
0,0,0,0,0,0,0
0,0,0,0,0,0,0
0,0,0,0,0,0,1
0,1,1,0,0,0,0
0,0,0,0,0,0,1
0,0,0,0,0,0,1
0,0,0,0,0,0,1
0,0,0,0,0,0,0
0,0,0,0,1,0,0
0,0,0,1,0,0,0
0,0,1,0,0,0,0
0,0,0,0,0,0,0
0,0,0,0,0,0,0
0,1,0,0,0,0,0
0,1,0,0,0,0,0
0,0,0,0,0,0,0
0,0,0,0,0,0,0
0,0,0,0,0,0,1
0,0,0,0,0,0,0
1,0,0,0,0,0,0
0,0,0,0,0,0,1
0,1,0,0,0,0,0
0,0,0,0,0,0,0
0,0,0,0,0,0,0
0,0,0,0,0,0,1
0,0,0,0,0,0,0
0,0,0,0,0,0,0
0,0,0,0,0,0,0
0,0,0,0,0,0,0
0,0,0,0,0,0,0
0,0,0,0,0,0,0
0,0,0,0,0,0,0
0,0,0,0,0,0,0
0,0,0,0,0,0,0
1,0,0,0,0,0,0
0,0,0,0,0,0,0
0,0,0,0,0,0,0
0,0,0,0,0,0,0
0,0,0,0,0,0,0
0,0,0,0,0,0,0
0,0,0,0,0,0,0
0,0,0,0,0,0,0
0,0,0,0,0,0,0
0,0,0,0,0,0,0
0,0,0,0,1,0,0
0,0,0,0,0,0,0
0,0,0,0,0,0,1
1,0,0,0,1,0,0
0,0,0,0,0,0,0
0,0,0,0,0,0,0
0,0,0,0,0,0,1
0,0,0,0,0,0,0
0,0,0,0,0,0,0
0,0,0,0,0,0,0
0,0,0,0,0,0,0
0,0,0,0,0,0,0
0,0,0,0,0,0,0
0,0,0,0,0,0,0
0,0,0,0,0,0,0
0,0,0,0,0,0,0
0,0,0,0,0,0,0
0,0,0,0,0,0,0
0,0,0,0,0,0,0
0,0,0,0,0,0,0
0,0,0,0,0,0,0
0,0,0,0,0,0,0
0,0,0,0,0,0,0
0,0,0,0,0,0,1
0,0,0,1,0,0,0
0,0,0,0,0,0,0
0,0,0,0,1,0,0
0,0,0,0,0,0,1
0,0,0,0,0,0,1
0,1,0,0,0,0,0
0,0,0,0,1,0,0
1,0,0,0,0,0,0
0,0,0,1,0,0,1
1,0,0,0,0,0,0
0,0,0,0,1,0,0
0,0,0,1,0,0,0
0,0,0,0,0,0,0
0,0,0,0,0,0,0
0,0,0,0,0,0,1
0,0,0,0,0,0,0
0,0,0,0,0,1,0
0,1,0,0,0,0,0
0,0,0,0,0,0,0
0,0,0,0,0,0,1
0,0,0,0,0,0,0
0,0,0,0,0,1,0
0,1,0,0,0,0,0
1,0,0,0,0,0,1
0,0,0,0,0,0,0
1,0,0,0,0,0,0
0,0,0,0,0,0,0
0,0,0,0,0,0,1
0,0,0,0,0,0,1
0,1,0,0,0,0,0
0,1,0,0,0,0,0
0,0,0,0,0,0,1
0,0,0,0,0,0,0
0,0,1,0,0,0,1
0,0,0,0,0,0,1
0,0,0,0,0,0,0
0,0,0,1,0,0,0
0,0,0,0,0,0,1
0,1,0,0,0,0,0
0,0,0,0,0,1,0
0,0,0,0,0,0,1
0,0,0,0,0,0,0
0,0,0,1,0,0,1
0,1,0,0,0,0,0
0,0,0,0,0,0,0
0,0,0,0,0,0,1
0,0,0,0,0,0,1
0,0,0,0,0,0,0
0,0,0,1,0,0,0
1,0,0,0,0,0,0
0,0,0,0,0,0,1
1,0,0,0,0,0,0
1,0,0,0,1,0,0
0,0,0,0,0,0,1
0,0,0,0,0,0,1
0,1,0,0,0,0,0
0,0,0,0,0,0,0
0,0,0,0,1,0,0
1,0,0,0,0,0,0
0,0,0,1,0,0,0
1,0,1,0,0,0,0
0,0,1,0,0,0,0
1,0,0,0,0,0,0
0,1,0,0,0,0,1
0,1,0,0,0,0,0
0,1,0,0,0,0,0
1,0,0,0,0,0,0
0,0,0,0,0,1,0
1,0,0,0,0,0,0
0,1,0,0,0,0,0
0,1,0,0,0,0,0
0,0,0,0,0,0,0
0,0,0,0,0,0,1
0,0,0,0,0,0,0
0,0,0,0,1,0,0
0,0,0,0,0,1,0
1,0,0,0,1,0,0
0,0,0,0,0,0,1
0,0,0,0,0,0,1
0,0,0,0,0,0,0
0,0,0,1,0,0,0
0,0,0,0,0,0,0
0,0,0,0,0,0,0
0,1,0,0,0,0,0
0,0,0,0,0,0,0
0,1,0,0,0,0,0
0,0,0,0,0,0,0
0,0,0,0,0,0,0
0,1,0,0,0,0,0
1,0,1,0,0,0,0
0,1,0,0,0,0,0
0,0,0,0,0,0,0
0,0,0,0,0,0,0
0,0,0,0,0,0,0
0,0,0,0,0,0,0
1,0,0,0,0,0,0
0,1,0,0,0,0,0
0,0,0,0,0,1,0
0,0,0,0,0,0,0
0,0,0,1,0,0,1
0,0,0,0,0,0,0
0,0,0,0,0,1,0
0,0,0,0,0,0,0
0,1,0,0,0,0,0
1,0,0,0,0,0,0
0,0,0,1,0,0,0
1,0,0,0,0,0,0
0,0,0,0,0,0,0
0,0,0,1,0,0,0
0,0,0,0,0,0,1
0,0,0,0,0,0,0
0,1,0,0,0,0,0
0,1,0,0,0,0,0
0,0,0,0,0,0,0
0,0,0,0,0,0,1
0,0,0,0,0,0,1
0,0,0,0,0,0,0
0,0,0,0,0,0,1
0,0,0,0,0,0,0
1,0,0,0,0,0,0
1,0,0,0,0,0,0
0,1,0,0,0,0,0
0,0,0,0,0,0,1
1,0,0,0,0,0,0
0,0,0,1,0,0,0
0,0,0,0,0,0,0
0,0,0,0,1,0,0
1,0,0,0,0,0,0
0,0,0,0,0,0,1
0,0,0,0,0,0,0
1,0,0,0,0,0,0
0,0,0,0,0,0,0
0,0,0,0,0,0,0
0,0,0,0,0,0,1
0,0,0,0,0,1,0
0,0,0,0,0,0,1
0,1,0,0,0,0,0
0,0,0,0,0,0,0
0,0,0,0,0,0,0
0,0,0,1,0,0,0
0,0,0,1,0,0,0
0,1,0,0,0,0,0
0,0,0,0,0,0,0
0,0,0,0,0,0,1
0,1,0,0,0,0,0
0,1,0,0,0,0,0
0,0,0,1,0,0,1
0,0,0,0,0,0,1
0,0,0,0,0,0,0
0,0,0,0,0,1,0
0,0,0,0,0,0,1
0,0,0,0,0,0,1
0,1,0,0,0,0,0
0,0,0,0,1,0,0
0,0,0,0,0,0,1
1,0,0,0,0,0,0
0,0,0,0,0,0,0
1,0,0,0,0,0,0
0,1,0,0,0,0,0
1,0,0,0,0,0,0
0,0,0,1,0,0,0
0,0,0,0,0,0,1
1,0,0,0,0,0,0
0,0,0,1,0,0,0
0,1,0,0,0,0,0
1,0,0,0,0,0,0
0,0,0,0,0,1,0
0,1,0,0,0,0,0
0,0,0,0,0,0,0
0,0,0,0,0,0,1
0,0,0,0,0,0,1
0,0,0,0,0,0,0
0,1,0,0,0,0,0
0,0,0,0,0,0,0
0,0,0,1,0,0,0
0,0,0,1,0,0,0
1,0,0,0,0,0,0
1,0,0,0,0,0,0
1,0,0,0,0,0,0
0,0,0,0,0,0,1
0,0,0,1,0,0,0
0,0,0,1,0,0,1
1,0,0,0,0,0,0
0,0,0,0,0,0,0
0,0,0,0,0,0,0
0,0,0,0,0,0,1
0,0,0,0,0,0,0
0,1,0,0,0,0,0
0,0,0,0,0,0,0
0,0,0,0,0,0,0
0,1,0,0,0,0,0
0,0,0,0,0,0,0
0,0,0,0,0,0,0
0,0,0,0,0,0,0
0,0,0,0,0,0,1
0,0,0,0,0,0,1
0,0,0,1,0,0,1
0,0,0,0,0,0,0
0,1,0,0,0,0,0
1,0,0,0,0,0,0
0,0,0,1,0,0,1
0,0,0,0,0,0,1
0,0,0,0,0,0,1
0,0,0,1,0,0,0
0,0,0,0,0,1,0
0,0,0,0,0,0,1
1,0,0,0,0,0,0
0,1,0,0,0,0,0
1,0,0,0,0,0,0
1,0,0,0,0,0,0
0,1,0,0,0,0,0
0,0,0,0,0,0,1
0,0,0,1,0,0,0
0,0,0,1,0,0,0
0,0,0,0,0,0,1
0,1,0,0,0,0,0
0,0,0,0,0,0,0
0,0,0,0,0,0,0
0,0,0,0,0,0,1
0,0,0,0,0,0,0
0,0,0,0,1,0,0
1,0,0,0,0,0,0
0,0,0,0,0,0,1
0,1,0,0,0,0,0
0,0,0,0,0,0,1
0,0,0,1,0,0,1
1,0,0,0,0,0,0
0,0,0,0,0,0,1
0,0,0,0,0,0,0
0,0,0,0,0,0,1
0,0,0,0,0,0,1
0,0,0,0,0,0,1
0,0,0,0,0,0,1
0,0,0,0,0,0,1
1,0,0,0,0,0,0
0,1,0,0,0,0,0
0,0,0,0,0,0,1
0,1,0,0,0,0,0
0,1,0,0,0,0,0
0,0,0,0,0,0,1
0,1,0,0,0,0,0
0,0,1,0,0,0,0
0,0,0,0,1,0,0
0,1,0,0,0,0,0
0,0,0,0,0,0,0
0,0,0,0,0,0,0
0,1,0,0,0,0,0
0,0,0,1,0,0,0
0,0,0,0,1,0,0
0,0,0,0,0,0,1
0,1,0,0,0,0,0
0,0,0,0,0,1,0
0,0,0,0,0,0,0
0,0,0,0,0,0,0
0,0,0,0,0,0,1
1,0,0,0,0,0,0
0,1,0,0,0,0,0
0,0,0,0,0,0,0
0,0,0,1,0,0,0
0,0,0,0,1,0,0
0,0,0,1,0,0,0
0,0,0,0,0,0,0
0,0,0,0,1,0,0
0,0,0,0,0,0,1
0,0,0,0,0,0,0
1,0,0,0,0,0,0
0,0,0,1,0,0,0
0,0,0,0,0,0,1
0,1,0,0,0,0,0
1,0,0,0,0,0,0
0,0,0,1,0,0,0
0,0,0,1,0,0,1
0,0,0,0,0,0,0
0,0,0,1,0,0,0
0,0,0,0,0,0,0
0,0,0,0,0,0,0
0,0,0,0,0,0,0
0,0,0,1,0,0,1
0,0,0,0,0,0,1
0,0,0,1,0,0,0
0,0,0,1,0,0,0
0,1,0,0,0,0,0
0,0,0,1,0,0,0
0,0,0,1,0,0,0
1,0,0,0,0,0,0
0,0,0,0,0,0,1
0,1,0,0,0,0,0
0,0,0,1,0,0,0
0,0,0,1,0,0,0
0,0,0,0,0,0,0
0,1,0,0,0,0,0
0,0,0,0,0,0,0
0,1,0,0,0,0,0
0,0,0,1,0,0,0
0,0,0,0,0,0,0
0,0,0,1,0,0,0
0,0,0,1,0,0,0
0,0,0,1,0,0,0
0,0,0,1,0,0,0
0,0,0,0,0,0,1
0,0,0,0,0,0,0
1,0,0,0,1,0,0
1,0,0,0,1,0,0
0,0,0,0,0,0,1
0,0,0,0,0,0,1
0,0,0,1,0,0,0
0,0,0,0,0,0,0
0,0,0,1,0,0,0
0,1,0,0,0,0,0
1,0,0,0,0,0,0
0,0,0,1,0,0,0
0,0,0,1,0,0,0
0,0,0,0,0,0,0
0,0,0,0,0,0,1
0,0,0,0,0,0,1
0,0,0,0,0,0,1
0,0,0,1,0,0,0
0,0,0,1,0,0,0
0,0,0,0,0,0,0
1,0,0,0,1,0,0
0,0,0,0,0,0,0
0,0,0,1,0,0,0
0,0,0,0,1,0,0
0,0,0,0,0,0,0
0,0,0,1,0,0,0
0,0,0,0,0,0,0
1,0,0,0,0,0,0
0,0,0,0,0,0,0
0,0,0,1,0,0,0
0,0,0,1,0,0,0
0,1,0,0,0,0,0
0,0,0,0,0,0,1
0,0,0,1,0,0,0
0,0,0,0,0,0,0
0,0,0,0,0,0,0
0,0,0,0,0,0,0
0,0,0,0,0,0,1
1,0,0,0,0,0,0
0,0,0,1,0,0,0
0,0,0,1,0,0,0
0,0,0,1,0,0,0
0,0,0,1,0,0,0
0,0,0,1,0,0,0
0,0,0,1,0,0,0
0,0,0,0,0,0,0
0,0,0,0,0,0,0
0,1,0,0,0,0,0
0,0,0,0,0,0,1
0,0,0,1,0,0,0
0,1,0,0,0,0,0
0,1,0,0,0,0,0
1,0,1,0,0,0,0
0,0,0,1,0,0,0
1,0,0,0,0,0,0
0,0,0,0,0,0,0
0,0,0,1,0,0,0
0,0,0,0,0,0,1
0,0,0,0,1,0,0
0,0,0,0,0,0,0
0,0,0,0,0,0,1
0,0,0,1,0,0,0
0,0,0,1,0,0,0
0,0,0,0,0,0,1
0,0,0,0,0,0,0
0,0,0,1,0,0,0
0,0,0,1,0,0,0
0,0,0,0,0,0,1
0,0,0,0,0,0,1
1,0,0,0,0,0,0
0,0,0,0,0,0,1
0,0,0,1,0,0,0
1,0,0,0,0,0,0
0,0,0,1,0,0,0
0,0,0,1,0,0,0
0,0,0,0,1,0,0
0,0,0,1,0,0,0
0,0,0,1,0,0,0
1,0,0,0,0,0,1
0,0,0,0,0,0,0
0,0,0,1,0,0,1
0,0,0,1,0,0,0
0,0,0,1,0,0,0
0,0,0,0,0,0,0
0,0,0,1,0,0,1
0,0,0,0,0,0,1
0,0,0,1,0,0,0
0,0,0,1,0,0,0
0,1,0,0,0,0,0
0,0,0,0,0,0,1
0,0,0,1,0,0,0
0,0,0,1,0,0,0
0,1,0,0,0,0,0
0,0,0,1,0,0,0
0,1,0,0,0,0,0
0,0,0,0,0,0,1
0,0,0,0,0,0,0
0,1,0,0,0,0,0
0,0,0,0,0,0,0
0,0,0,0,0,0,0
0,0,0,0,0,0,1
0,0,0,0,1,0,0
0,0,0,1,0,0,0
1,0,0,0,0,0,0
0,0,0,1,0,0,0
0,1,0,0,0,0,0
0,1,0,0,0,0,0
1,0,0,0,0,0,1
0,0,0,1,0,0,0
1,0,0,0,0,0,1
0,0,0,1,0,0,0
1,0,1,0,0,0,0
1,0,0,0,0,0,0
0,1,0,0,0,0,0
0,0,0,0,1,0,0
0,0,0,0,0,0,0
0,0,0,0,0,0,1
0,0,0,0,0,0,1
0,0,0,1,0,0,0
0,0,0,0,0,0,1
0,0,0,0,1,0,0
0,0,0,0,0,1,0
1,0,0,0,1,0,0
0,1,0,0,0,0,0
0,0,0,0,0,0,1
0,0,0,0,0,0,0
0,0,0,1,0,0,0
0,0,0,1,0,0,0
0,0,0,1,0,0,0
0,1,0,0,0,0,0
0,0,0,0,0,0,1
0,0,0,0,0,0,0
0,0,0,1,0,0,0
0,0,0,0,0,0,0
0,0,0,0,0,0,0
0,0,0,0,0,0,1
0,0,0,0,0,0,0
0,0,0,1,0,0,0
1,0,0,0,0,0,0
1,0,0,0,0,0,0
0,1,0,0,0,0,0
0,0,0,1,0,0,0
0,0,0,1,0,0,0
0,0,0,1,0,0,0
0,0,0,0,0,0,1
0,0,0,1,0,0,0
0,0,0,1,0,0,0
0,0,0,1,0,0,0
0,0,0,0,0,0,0
0,1,0,0,0,0,0
0,1,0,0,0,0,0
1,0,0,1,0,0,1
0,0,0,0,0,0,1
0,0,0,1,0,0,0
0,0,0,1,0,0,0
0,1,0,0,0,0,0
0,0,0,0,0,0,0
0,0,0,0,0,0,1
1,0,0,0,1,0,0
0,0,1,0,0,0,0
0,0,0,1,0,0,0
0,0,0,1,0,0,0
1,0,0,0,0,0,0
0,0,0,0,0,0,0
0,1,0,0,0,0,0
0,0,0,1,0,0,0
0,0,0,1,0,0,0
0,0,0,0,0,0,1
0,0,0,0,0,0,0
0,0,0,1,0,0,0
1,0,0,0,0,0,0
0,1,0,0,0,0,0
0,0,0,0,0,0,1
0,0,0,1,0,0,0
0,1,0,0,0,0,0
0,0,0,0,0,0,1
0,1,0,0,0,0,0
0,0,0,1,0,0,0
1,0,0,0,0,0,0
0,0,0,1,0,0,0
0,0,0,1,0,0,0
0,1,0,0,0,0,0
0,0,0,0,0,0,1
1,0,0,0,0,0,0
1,0,0,0,0,0,0
0,0,0,1,0,0,0
1,0,0,0,0,0,1
0,0,0,0,1,0,0
0,0,0,1,0,0,0
0,1,0,0,0,0,0
0,0,0,0,0,0,1
0,0,0,1,0,0,0
0,0,0,1,0,0,0
0,0,0,1,0,0,0
0,1,0,0,0,0,0
0,1,0,0,0,0,0
0,0,0,1,0,0,0
0,0,0,0,0,0,0
1,0,0,0,0,0,0
0,0,0,0,0,0,0
1,0,0,0,0,0,0
0,1,1,0,0,0,0
0,0,0,0,0,0,1
0,0,0,0,0,0,0
1,0,0,0,0,0,0
0,0,0,0,0,0,0
0,0,0,0,0,0,0
0,0,0,0,0,0,1
0,1,0,0,0,0,0
0,0,0,1,0,0,0
0,0,0,1,0,0,0
0,0,0,1,0,0,0
0,0,0,1,0,0,0
0,0,0,0,0,0,0
0,0,0,0,0,0,0
0,0,0,0,0,0,0
1,0,0,0,0,0,0
0,1,0,0,0,0,0
1,0,0,0,0,0,0
1,0,0,0,0,0,1
0,0,0,0,0,0,0
0,0,0,0,1,0,0
0,0,0,0,0,0,1
0,0,0,0,0,0,0
0,0,0,0,1,0,0
0,0,0,0,0,0,0
1,0,0,0,0,0,0
0,0,0,0,0,0,0
0,0,0,0,0,0,0
0,1,0,0,0,0,0
0,0,0,0,0,0,1
0,1,0,0,0,0,0
1,0,1,0,0,0,0
0,0,0,0,0,0,0
0,0,0,0,0,0,1
0,0,0,0,0,0,1
0,0,0,0,0,0,0
0,0,0,1,0,0,0
0,0,0,0,0,0,0
0,0,0,0,0,0,0
0,1,0,0,0,0,0
0,0,0,0,0,0,0
1,0,0,0,0,0,0
0,1,0,0,0,0,0
0,0,0,1,0,0,0
0,0,0,0,0,1,0
0,0,0,0,0,0,1
0,0,0,0,0,0,1
0,0,0,0,0,0,1
0,0,0,0,0,0,0
0,0,0,1,0,0,1
0,0,0,0,0,0,1
0,0,0,0,0,0,0
0,0,0,1,0,0,0
1,0,0,0,1,0,0
0,0,0,0,0,0,0
0,0,0,0,0,0,0
0,0,0,0,0,0,1
0,0,0,0,0,0,1
0,1,0,0,0,0,0
1,0,0,0,0,0,0
0,0,0,0,0,0,1
0,1,0,0,0,0,0
0,0,0,0,0,0,1
1,0,0,0,0,0,0
1,0,1,0,0,0,0
0,0,0,0,0,0,1
0,0,0,1,0,0,0
0,0,0,0,1,0,0
0,0,0,0,0,0,0
0,1,0,0,0,0,0
0,0,0,0,0,0,0
1,0,0,0,0,0,0
0,0,0,0,0,0,1
1,0,0,0,0,0,0
0,0,0,1,0,0,0
1,0,0,0,0,0,0
0,1,0,0,0,0,0
0,0,0,0,0,0,0
0,0,0,0,0,0,0
0,0,0,0,0,0,0
0,0,0,0,0,1,0
0,0,0,0,0,0,1
0,0,0,0,0,0,1
0,1,0,0,0,0,0
0,0,0,0,0,0,0
0,0,0,0,0,0,0
0,0,0,0,0,0,1
0,1,0,0,0,0,0
0,0,0,0,1,0,0
0,0,0,0,0,0,0
0,0,0,0,0,0,1
0,0,0,0,0,0,0
0,1,0,0,0,0,0
0,0,0,0,0,0,0
1,0,0,0,0,0,0
0,0,0,0,0,0,0
0,0,0,0,0,0,1
0,0,0,1,0,0,1
0,0,0,0,0,0,1
0,0,0,0,0,0,1
0,0,0,0,0,1,0
1,0,0,0,0,0,0
0,1,0,0,0,0,0
0,1,0,0,0,0,0
0,0,0,1,0,0,1
0,0,0,0,0,0,1
0,0,0,0,0,0,1
0,0,0,1,0,0,0
0,0,0,0,0,0,0
0,0,0,0,0,0,1
0,0,0,0,0,0,0
0,0,0,0,0,0,1
0,0,0,0,1,0,0
1,0,0,0,0,0,0
0,0,0,0,0,0,1
1,0,0,0,0,0,0
1,0,0,0,0,0,0
0,1,0,0,0,0,0
0,0,0,0,0,0,1
0,0,0,0,0,0,0
0,1,0,0,0,0,1
0,1,0,0,0,0,0
0,0,0,1,0,0,0
0,0,0,0,0,0,1
0,0,0,0,0,0,1
0,1,0,0,0,0,0
0,0,0,0,0,0,1
0,0,0,0,0,0,1
0,0,0,0,0,0,1
1,0,0,0,0,0,0
0,0,0,0,0,0,1
0,0,0,0,0,1,0
0,0,0,0,0,0,0
0,0,0,0,0,0,1
0,1,0,0,0,1,0
0,0,0,0,0,0,0
0,1,0,0,0,0,0
1,0,0,0,0,0,0
1,0,0,0,0,0,0
0,0,0,0,0,0,1
1,0,0,0,0,0,0
0,1,0,0,0,0,0
1,0,0,0,0,0,0
0,0,0,0,0,0,1
0,0,0,0,0,0,1
0,0,0,0,0,0,1
0,0,0,0,0,0,0
0,0,0,0,0,0,0
1,0,0,0,0,0,1
1,0,0,0,0,0,0
0,0,0,0,0,0,0
1,0,0,0,0,0,0
0,0,0,1,0,0,0
0,0,0,0,0,0,1
0,1,0,0,0,0,0
0,0,0,0,0,0,1
0,0,0,0,0,0,1
0,1,0,0,0,0,0
0,0,0,0,0,0,1
0,0,0,0,0,0,1
0,0,0,0,0,0,1
0,1,0,0,0,0,0
0,0,0,0,0,0,1
0,1,0,0,0,0,0
0,0,0,0,0,0,0
1,0,0,0,0,0,0
0,0,0,0,1,0,0
0,0,0,0,0,0,0
0,0,0,1,0,0,0
0,0,0,0,0,0,0
0,0,0,0,0,0,0
0,0,0,0,0,0,1
1,0,0,0,0,0,0
0,0,0,1,0,0,0
0,0,0,0,0,0,0
0,0,0,0,0,0,1
0,0,0,0,0,0,1
1,0,0,0,0,0,0
0,0,0,0,0,0,0
0,0,0,0,0,0,1
0,0,0,0,0,0,0
1,0,0,0,0,0,0
0,0,0,0,0,0,0
0,0,0,0,0,0,1
0,0,0,1,0,0,0
0,0,0,1,0,0,0
0,0,0,0,0,0,1
0,1,0,0,0,0,0
0,0,0,1,0,0,0
1,0,0,0,0,0,0
0,0,0,0,0,0,1
0,0,0,0,0,0,0
0,0,1,0,0,0,0
0,1,0,0,0,0,0
0,1,0,0,0,0,0
0,0,0,0,0,0,0
0,0,0,1,0,0,0
0,0,0,0,0,0,1
0,1,0,0,0,0,0
1,0,0,0,0,0,0
0,0,0,0,0,0,1
0,1,0,0,0,0,0
0,0,0,0,0,0,0
0,1,0,0,0,0,0
0,0,0,1,0,0,1
0,0,0,0,0,0,0
1,0,0,0,0,0,0
1,0,0,0,0,0,0
0,1,0,0,0,0,0
0,1,0,0,0,0,0
0,1,0,0,0,0,0
0,0,0,0,0,0,0
1,0,0,0,0,0,0
0,0,0,0,0,0,1
0,0,0,0,0,0,1
1,0,0,0,0,0,0
0,0,0,1,0,0,1
0,0,0,0,0,0,1
0,0,0,0,0,0,1
0,1,0,0,0,0,0
1,0,0,0,0,0,1
0,0,0,0,0,0,0
0,1,0,0,0,0,0
0,0,0,0,0,0,0
0,0,0,0,0,0,1
0,0,0,0,0,0,1
0,0,0,0,0,0,1
1,0,0,0,0,0,0
0,0,0,0,0,0,1
0,1,0,0,0,0,0
0,0,0,0,0,0,1
0,0,0,0,0,0,1
0,0,0,0,0,0,0
0,1,0,0,0,0,0
0,0,0,0,0,0,1
0,0,0,0,0,0,0
0,0,0,0,0,0,1
0,0,0,1,0,0,0
0,0,0,0,1,0,0
0,0,0,1,0,0,0
0,0,0,0,0,0,1
0,0,0,0,1,0,0
0,0,0,0,0,0,1
0,1,0,0,0,0,1
0,0,0,0,0,0,0
0,0,0,1,0,0,0
1,0,0,0,0,0,1
0,0,0,0,0,0,0
0,0,0,0,0,0,1
0,1,0,0,0,0,0
0,0,0,0,0,0,0
0,1,0,0,0,0,0
0,0,0,1,0,0,0
0,0,0,0,0,0,1
0,0,0,0,0,0,1
0,0,0,0,0,0,0
0,0,0,0,0,0,0
0,0,0,0,0,0,0
0,0,0,0,1,0,0
0,0,1,0,0,0,0
1,0,0,0,0,0,1
0,1,0,0,0,0,0
0,0,0,0,1,0,0
0,0,0,0,0,0,0
0,0,0,0,0,0,1
0,0,0,0,0,0,0
0,0,0,0,0,0,0
0,0,0,0,0,0,1
1,0,0,0,0,0,0
0,0,0,0,0,0,0
0,1,0,0,0,0,1
0,0,0,0,0,0,1
0,0,0,0,0,0,0
0,0,0,0,0,0,0
0,0,0,0,0,0,1
0,0,0,0,0,0,1
1,0,0,0,0,0,1
1,0,0,0,0,0,0
0,0,0,0,0,0,0
0,0,0,0,0,0,0
0,0,0,1,0,0,0
0,0,0,0,0,0,1
0,1,0,0,0,0,0
0,0,0,0,0,0,0
0,0,0,0,0,1,0
0,0,0,0,0,0,0
1,0,0,0,0,0,0
0,0,0,0,0,0,1
0,0,0,0,0,0,0
0,0,0,0,0,0,0
0,0,0,0,0,0,1
0,0,0,0,0,0,0
0,0,0,0,0,0,1
0,0,0,0,0,0,0
0,0,0,1,0,0,1
0,1,0,0,0,0,0
0,0,0,0,0,0,0
0,0,0,0,0,0,0
0,1,0,0,0,0,0
1,0,0,0,1,0,0
0,0,0,1,0,0,1
0,0,0,0,0,0,1
1,0,0,0,0,0,0
0,0,0,1,0,0,0
0,0,0,0,0,0,1
0,1,0,0,0,0,0
0,0,0,0,0,0,1
0,0,0,0,0,0,0
1,0,0,0,0,0,0
0,1,0,0,0,0,0
1,0,0,0,0,0,0
0,0,0,0,0,0,0
0,0,0,0,0,0,0
0,0,0,0,0,0,1
1,0,0,0,0,0,1
0,0,0,0,0,0,0
0,0,0,0,0,0,0
0,0,0,0,0,0,0
1,0,0,0,0,0,0
1,0,0,0,0,0,0
0,0,0,0,0,0,1
0,0,0,0,0,0,1
1,0,0,0,0,0,0
0,0,0,0,0,0,1
0,0,0,0,0,0,0
0,0,0,0,1,0,0
0,0,0,0,0,0,1
0,0,0,0,0,0,0
0,0,0,0,0,0,1
0,0,0,0,0,0,1
0,1,0,0,0,0,0
0,0,0,1,0,0,0
1,0,0,0,0,0,0
0,1,0,0,0,0,0
0,1,0,0,0,0,0
0,0,0,0,0,0,1
0,0,0,0,0,0,0
0,0,0,0,0,0,1
0,0,0,1,0,0,0
0,0,0,0,0,0,1
0,1,0,0,0,0,0
0,0,0,0,0,0,1
0,0,0,0,0,0,1
0,0,0,0,0,0,0
0,0,0,0,0,0,0
1,0,0,0,0,0,0
0,1,0,0,0,0,0
0,1,0,0,0,0,0
0,0,0,1,0,0,1
1,0,0,0,0,0,0
0,0,0,0,0,0,0
0,0,0,0,0,0,0
0,1,0,0,0,0,0
0,0,0,0,0,0,0
0,0,0,0,0,0,1
0,0,0,0,0,0,0
0,0,0,1,0,0,0
1,0,0,0,0,0,0
0,0,0,0,0,0,0
0,0,0,1,0,0,0
1,0,0,0,0,0,1
1,0,0,0,0,0,0
0,0,0,0,1,0,0
0,0,0,0,0,0,1
0,0,0,0,0,0,1
0,0,0,0,0,1,0
0,0,0,0,0,0,0
0,0,0,0,0,0,1
0,0,0,0,0,0,1
0,0,0,0,0,0,1
1,0,0,0,0,0,0
0,0,0,0,0,0,0
0,0,0,0,0,0,1
0,0,0,0,0,0,0
1,0,0,0,0,0,0
0,0,0,0,0,0,1
0,0,0,0,0,0,0
0,0,0,0,0,0,1
0,0,0,0,0,0,0
0,0,0,1,0,0,0
1,0,0,0,1,0,0
0,0,0,0,0,0,0
0,0,0,0,0,0,0
0,0,1,0,0,0,0
0,0,0,0,0,0,0
0,0,0,0,0,0,0
1,0,0,0,0,0,0
0,0,0,0,0,0,0
0,0,0,0,0,1,0
0,0,0,0,0,0,0
0,0,0,0,0,0,0
0,0,0,0,0,0,1
0,1,0,0,0,0,0
0,0,0,0,1,0,0
0,0,0,0,0,0,0
0,1,0,0,0,0,0
0,0,0,0,0,0,0
0,1,0,0,0,0,0
0,0,0,0,0,0,0
1,0,0,0,0,0,0
0,0,0,0,0,0,1
0,0,0,0,0,0,0
0,1,0,0,0,0,0
0,1,0,0,0,0,0
0,1,0,0,0,0,0
0,0,0,0,1,0,0
1,0,0,0,0,0,0
0,1,0,0,0,0,0
0,0,0,0,0,0,1
0,0,0,0,0,0,0
0,0,0,0,0,0,1
0,0,0,0,1,0,0
0,0,0,0,0,0,1
0,0,0,0,0,0,1
0,0,0,0,0,0,0
0,1,0,0,0,0,0
0,0,0,0,0,0,1
1,0,0,0,0,0,0
1,0,0,0,0,0,0
1,0,0,0,0,0,0
0,0,0,0,0,1,0
0,1,0,0,0,0,0
1,0,0,0,0,0,0
0,1,0,0,0,0,0
0,1,0,0,0,0,0
0,1,0,0,0,0,0
0,1,0,0,0,0,0
0,0,0,0,0,0,1
0,1,0,0,0,0,0
0,0,0,0,0,0,1
0,0,0,0,0,0,0
0,0,0,0,0,1,0
1,0,0,0,0,0,0
0,0,0,1,0,0,0
0,0,0,0,0,0,0
0,1,0,0,0,0,0
0,1,0,0,0,0,0
0,1,0,0,0,0,0
0,0,0,0,0,0,1
0,0,0,0,0,0,0
0,0,0,1,0,0,0
0,0,0,0,0,0,0
0,0,0,0,0,0,0
0,0,0,0,0,0,1
0,0,0,0,0,0,0
0,1,0,0,0,0,0
0,0,0,0,0,0,0
0,1,0,0,0,0,0
0,1,0,0,0,0,0
1,0,0,0,0,0,1
0,1,0,0,0,0,0
0,0,0,1,0,0,0
0,0,0,0,0,0,0
0,0,0,0,1,0,0
0,0,0,0,0,0,1
0,0,0,0,0,0,0
0,0,0,0,0,0,1
0,1,0,0,0,0,0
0,0,0,0,0,0,1
0,0,0,0,0,0,1
0,0,0,0,0,0,0
0,0,0,0,0,0,0
0,0,0,1,0,0,0
0,0,0,0,0,0,1
0,0,0,0,0,0,1
1,0,0,0,0,0,0
0,0,0,0,0,0,1
0,0,0,0,1,0,0
0,1,0,0,0,0,0
0,0,0,0,1,0,0
0,0,0,0,0,0,1
1,0,0,0,0,0,0
0,1,0,0,0,0,0
1,0,0,0,0,0,0
0,0,0,1,0,0,1
0,0,0,0,0,0,1
0,1,0,0,0,0,0
0,0,0,0,0,0,1
0,0,0,0,0,0,1
0,1,0,0,0,0,0
0,1,0,0,0,0,0
0,0,0,0,0,0,0
0,0,0,0,0,0,0
0,0,0,0,1,0,0
0,0,0,0,0,0,0
1,0,0,0,1,0,0
0,1,0,0,0,0,0
0,0,0,0,0,0,0
1,0,0,0,0,0,1
1,0,0,0,0,0,0
0,0,0,0,0,0,1
0,1,0,0,0,0,0
0,1,0,0,0,0,0
0,1,0,0,0,0,0
0,0,0,0,0,0,0
0,1,0,0,0,0,0
0,1,0,0,0,0,0
0,0,0,0,0,0,0
0,0,0,0,0,0,1
0,0,0,0,0,0,0
0,0,0,0,0,0,1
0,1,0,0,0,0,0
0,0,0,0,0,0,1
0,0,0,0,0,0,0
1,0,0,0,0,0,0
0,0,0,0,0,0,0
1,0,0,0,0,0,0
0,0,0,1,0,0,0
0,1,0,0,0,0,0
0,0,0,0,0,0,1
0,0,0,0,0,0,0
1,0,0,0,0,0,0
0,0,0,0,0,0,0
0,0,0,0,0,0,0
0,0,0,0,0,0,1
1,0,0,0,0,0,0
0,0,0,0,0,0,0
0,0,0,1,0,0,0
0,0,0,0,1,0,0
0,0,1,0,0,0,0
0,0,0,0,0,0,0
0,0,1,0,0,0,0
0,0,0,0,0,0,1
0,0,0,0,0,0,1
0,0,0,0,1,0,0
0,0,0,0,0,0,1
0,0,0,0,0,0,0
0,0,0,0,0,0,1
1,0,0,0,0,0,0
0,0,0,0,0,0,1
1,0,0,0,0,0,0
0,1,0,0,0,0,0
1,0,0,0,0,0,0
0,0,0,0,0,0,0
0,0,0,0,0,0,1
1,0,0,0,0,0,0
0,0,0,0,0,0,0
0,1,0,0,0,0,0
0,0,0,1,0,0,1
0,1,0,0,0,0,0
0,0,0,1,0,0,0
0,0,0,0,0,0,0
0,0,0,0,0,0,1
0,0,0,0,0,0,1
0,0,0,0,0,0,1
0,0,0,0,0,0,1
0,0,0,0,0,0,0
0,1,0,0,0,0,0
0,0,0,0,0,0,1
0,0,0,0,0,0,0
0,0,0,0,0,0,1
1,0,0,0,0,0,0
1,0,0,0,0,0,0
0,1,0,0,0,0,0
0,0,0,0,1,0,0
0,0,0,0,0,0,0
0,1,0,0,0,0,0
0,1,0,0,0,0,0
0,0,0,0,0,0,0
0,0,0,0,0,0,0
0,0,0,0,0,0,0
1,0,0,0,1,0,0
0,0,0,1,0,0,0
0,1,0,0,0,0,0
0,1,0,0,0,0,0
0,0,0,0,0,0,1
1,0,0,0,1,0,0
0,1,0,0,0,0,0
0,0,0,0,0,0,0
0,0,0,0,0,0,0
0,0,0,0,0,0,0
0,0,0,0,0,0,1
0,1,0,0,0,0,0
0,0,0,0,0,0,1
0,1,0,0,0,0,0
1,0,0,0,0,0,0
0,0,0,0,0,0,0
1,0,0,0,0,0,0
0,0,0,0,0,0,0
0,0,0,0,0,0,0
1,0,0,0,0,0,0
0,0,0,0,0,0,0
0,0,0,0,0,0,1
0,0,0,0,0,0,0
0,1,0,0,0,0,0
0,0,0,0,0,0,0
1,0,0,0,0,0,0
0,0,0,0,0,0,1
0,0,0,0,1,0,0
0,1,0,0,0,0,1
0,0,0,0,0,0,0
1,0,0,0,0,0,0
0,0,0,0,0,0,1
0,0,0,0,0,0,1
0,0,0,0,0,0,1
0,0,0,0,0,0,1
0,0,0,1,0,0,0
0,0,0,0,0,0,1
0,0,0,0,0,0,1
0,0,0,0,0,0,0
0,0,0,0,0,0,1
0,0,0,0,1,0,0
0,0,0,0,0,0,0
0,0,0,0,0,0,0
0,0,0,0,0,0,0
0,1,0,0,0,0,1
0,0,0,1,0,0,0
0,0,0,0,0,0,1
1,0,0,0,0,0,0
0,0,0,0,0,0,1
0,0,0,0,0,0,0
0,1,0,0,0,0,0
0,1,0,0,0,0,0
0,1,0,0,0,0,0
0,0,0,0,0,0,1
0,0,0,0,0,0,0
0,0,0,1,0,0,0
1,0,0,0,0,0,0
1,0,0,0,0,0,0
0,1,0,0,0,0,0
0,0,0,0,0,0,1
0,0,0,1,0,0,0
0,0,0,0,0,0,1
0,0,0,0,0,0,1
0,0,1,0,0,0,0
0,0,0,0,0,0,0
0,0,0,0,0,0,0
0,0,0,0,0,0,1
0,0,0,0,0,0,0
0,0,0,0,0,0,0
0,1,0,0,0,0,0
0,1,0,0,0,0,0
0,0,0,0,0,0,0
0,1,0,0,0,0,0
1,0,0,0,0,0,0
1,0,0,0,0,0,0
0,0,0,1,0,0,0
1,0,0,0,0,0,0
0,0,0,0,1,0,0
0,0,0,1,0,0,0
0,1,0,0,0,0,0
1,0,0,0,0,0,0
0,0,0,0,0,0,1
0,1,0,0,0,0,0
0,0,0,0,0,0,1
1,0,0,0,0,0,0
0,0,0,0,0,0,0
0,0,0,0,0,0,0
0,0,0,0,0,0,0
0,0,0,0,0,0,1
0,0,0,0,0,0,1
0,0,0,0,0,0,1
1,0,0,0,0,0,0
0,0,0,0,0,0,0
0,0,0,0,0,0,0
0,0,0,0,0,0,0
0,0,0,0,0,0,0
0,0,0,0,0,0,0
0,0,0,0,0,0,0
0,0,0,0,0,0,0
0,0,0,0,0,1,0
0,0,0,0,0,0,1
0,0,0,0,0,1,0
0,0,0,0,0,0,1
1,0,0,0,0,0,0
1,0,0,0,0,0,0
0,1,0,0,0,0,0
0,0,0,0,0,0,0
0,1,0,0,0,0,0
1,0,0,0,1,0,0
1,0,0,0,0,0,0
0,0,0,0,1,0,0
0,0,0,0,0,0,1
0,0,1,0,0,0,0
0,0,0,0,1,0,0
0,0,0,1,0,0,0
1,0,0,0,0,0,0
0,1,0,0,0,0,0
0,0,0,0,0,0,1
0,0,0,1,0,0,0
1,0,0,0,0,0,0
0,0,0,0,0,0,0
1,0,0,0,0,0,0
0,0,0,0,0,0,1
0,0,0,0,0,0,0
0,1,0,0,0,0,0
1,0,0,0,0,0,0
0,0,0,0,0,0,0
0,0,0,0,0,0,1
0,0,0,0,0,0,0
1,0,0,0,0,0,0
0,0,0,1,0,0,0
0,0,0,0,0,0,0
0,0,0,0,0,1,0
0,0,0,0,1,0,0
0,1,0,0,0,1,0
1,0,0,0,0,0,0
1,0,0,0,1,0,0
0,0,0,1,0,0,0
0,0,0,0,0,0,0
0,0,0,1,0,0,0
1,0,0,0,0,0,0
0,1,0,0,0,0,0
0,0,0,0,0,0,1
1,0,0,0,0,0,0
0,0,0,0,0,0,0
0,0,0,0,0,0,1
0,1,0,0,0,0,0
0,0,0,1,0,0,0
0,0,0,0,0,0,1
0,0,0,1,0,0,0
1,0,0,0,0,0,0
0,0,0,1,0,0,0
0,0,0,0,0,0,1
0,0,0,0,0,0,0
0,0,0,0,0,0,0
1,0,0,0,0,0,0
0,0,0,0,0,0,1
0,1,0,0,0,0,0
0,1,0,0,0,0,0
0,0,0,0,0,0,1
0,0,0,0,0,0,0
0,0,0,0,0,0,1
0,0,0,0,0,0,1
0,0,0,0,0,0,0
0,1,0,0,0,0,0
1,0,0,0,0,0,0
0,0,0,0,0,0,1
0,0,0,0,0,0,1
0,1,0,0,0,0,0
0,0,0,0,0,0,0
1,0,0,0,0,0,0
0,0,0,0,1,0,0
0,0,0,0,0,0,0
0,1,0,0,0,0,0
0,0,0,0,0,0,0
0,0,0,0,0,0,1
0,0,0,1,0,0,0
0,0,0,0,0,0,1
0,0,0,0,0,0,1
0,0,0,0,0,0,1
0,0,0,0,0,0,1
0,1,0,0,0,0,0
1,0,0,0,0,0,0
1,0,0,0,0,0,0
0,0,0,1,0,0,0
0,0,0,1,0,0,0
0,1,0,0,0,0,0
0,0,0,0,0,0,0
0,0,0,0,0,0,1
0,1,0,0,0,0,0
0,0,0,0,0,0,1
0,1,0,0,0,0,0
0,0,0,0,0,0,0
0,0,0,0,0,0,0
1,0,0,0,0,0,0
0,0,0,1,0,0,0
0,1,0,0,0,0,0
0,0,0,0,0,0,1
0,1,0,0,0,0,0
0,0,0,0,0,0,1
0,0,0,0,0,0,1
0,1,0,0,0,0,0
0,0,0,1,0,0,0
0,1,0,0,0,0,0
1,0,0,0,0,0,0
0,0,0,1,0,0,0
1,0,0,0,0,0,0
0,0,0,0,0,1,0
0,0,0,1,0,0,0
0,0,0,0,0,0,1
0,0,0,0,0,0,0
0,0,0,0,0,0,1
1,0,0,0,0,0,1
0,0,0,1,0,0,1
0,0,0,0,0,0,0
0,0,0,1,0,0,1
0,0,0,0,0,1,0
1,0,0,0,0,0,0
0,0,0,0,0,0,1
0,0,0,0,0,0,1
0,0,0,0,0,0,1
0,0,0,0,0,0,0
0,1,0,0,0,0,0
1,0,0,0,0,0,0
0,0,0,0,0,0,0
0,0,0,1,0,0,0
0,0,0,0,0,0,0
0,0,0,0,0,0,0
0,0,0,0,0,0,0
0,0,0,0,0,0,0
0,0,0,0,0,0,0
0,0,0,0,0,0,1
0,1,0,0,0,0,0
0,0,0,1,0,0,0
1,0,0,0,0,0,0
0,0,0,0,0,0,1
0,0,0,0,0,0,0
0,0,0,0,0,0,1
0,0,0,0,0,0,1
0,0,0,0,0,0,0
1,0,0,0,0,0,0
0,0,0,0,0,0,0
0,1,0,0,0,0,0
0,0,0,0,0,0,1
0,0,0,0,0,0,1
0,0,0,0,0,0,0
1,0,0,0,0,0,1
0,0,0,1,0,0,0
0,0,0,1,0,0,0
0,0,0,0,0,0,0
0,0,0,0,0,0,1
0,0,0,0,0,0,1
0,0,0,0,0,0,0
0,0,0,1,0,0,0
0,1,0,0,0,0,0
0,0,0,0,0,0,0
0,0,0,0,0,0,1
0,0,0,0,0,0,1
0,0,0,0,0,0,1
0,0,0,0,0,0,0
0,1,0,0,0,0,0
0,0,0,0,0,0,1
1,0,0,0,0,0,1
0,1,0,0,0,0,0
0,0,0,0,0,0,1
0,0,0,0,0,0,1
0,1,0,0,0,0,0
0,0,0,0,0,0,0
0,0,0,0,1,0,0
0,1,0,0,0,0,0
0,0,0,1,0,0,0
1,0,0,0,0,0,0
0,0,0,0,0,0,0
0,0,0,0,0,0,0
0,1,0,0,0,0,0
0,0,0,0,0,0,0
0,0,0,0,0,0,0
0,0,1,0,0,0,0
0,0,0,0,0,0,1
0,1,0,0,0,0,0
0,0,0,0,0,0,1
0,0,0,0,0,0,1
0,0,0,0,0,0,1
1,0,1,0,0,0,0
0,0,0,0,1,0,0
0,0,0,0,0,0,0
0,0,1,0,0,0,1
0,0,0,0,0,0,1
0,0,0,0,0,0,1
0,0,0,0,0,0,0
0,1,0,0,0,0,0
1,0,0,0,0,0,0
0,0,0,0,0,1,0
0,0,0,0,0,0,0
0,0,0,0,0,0,1
0,0,0,0,0,0,0
0,1,0,0,0,0,0
0,0,0,0,0,0,1
0,0,0,0,0,0,1
1,0,0,0,0,0,0
0,1,0,0,0,0,0
0,0,0,1,0,0,0
0,0,0,0,0,0,1
0,1,0,0,0,0,0
0,1,0,0,0,0,0
0,0,0,0,0,0,0
1,0,0,0,0,0,0
1,0,0,0,0,0,0
0,0,0,0,0,0,0
0,0,0,0,0,0,0
0,0,0,1,0,0,0
0,1,0,0,0,0,0
1,0,0,0,0,0,0
0,0,0,0,0,0,0
1,0,0,0,0,0,0
0,0,0,0,0,0,0
1,0,0,0,0,0,0
0,0,0,0,0,0,1
0,0,0,0,0,0,1
0,0,0,0,1,0,0
0,0,0,0,0,0,0
0,0,0,0,0,0,1
0,0,0,0,0,1,0
0,1,0,0,0,0,0
0,0,0,0,0,0,1
0,1,0,0,0,0,0
0,0,0,0,0,0,1
0,0,0,0,0,0,1
0,1,0,0,0,0,0
0,1,0,0,0,0,0
0,1,0,0,0,0,0
0,0,0,0,0,0,0
0,0,0,0,0,0,0
0,0,0,0,0,0,1
0,0,0,0,0,0,0
0,0,0,0,0,0,1
0,0,0,0,0,0,1
0,0,0,0,0,0,0
0,0,0,0,0,0,0
0,0,0,0,0,0,1
0,0,0,0,1,0,0
0,0,0,0,0,0,1
0,0,0,0,0,0,0
0,0,0,0,0,0,1
0,1,0,0,0,0,0
0,0,0,0,0,0,0
0,0,0,0,0,0,0
0,0,0,0,0,0,0
0,0,0,0,0,1,0
0,0,0,0,0,0,0
0,0,0,0,0,0,0
0,0,0,0,0,0,1
1,0,0,0,0,0,0
0,0,0,0,0,0,1
0,1,0,0,0,0,0
1,0,0,0,0,0,0
0,0,0,0,0,0,0
0,0,0,0,0,0,0
0,0,0,0,0,0,0
0,0,0,0,0,0,0
1,0,0,0,0,0,0
0,0,0,0,0,0,0
0,0,0,0,0,0,1
0,0,0,0,1,0,0
0,0,0,1,0,0,0
0,0,0,0,0,0,0
0,0,0,0,0,0,1
0,0,0,1,0,0,1
0,0,0,0,1,0,0
0,1,0,0,0,0,0
1,0,0,0,0,0,0
0,1,0,0,0,0,0
1,0,0,0,0,0,0
1,0,0,0,0,0,0
0,0,0,0,0,0,0
0,1,0,0,0,0,1
0,0,0,0,0,0,0
0,0,0,0,0,0,1
1,0,0,0,0,0,0
0,0,0,1,0,0,0
0,0,1,0,0,0,0
0,1,0,0,0,0,0
0,0,0,0,0,0,0
1,0,0,0,0,0,0
0,0,0,0,0,0,0
0,0,0,0,0,0,1
0,1,0,0,0,0,0
0,0,0,0,0,0,1
1,0,0,0,0,0,0
0,0,0,0,0,0,1
0,0,0,0,0,0,0
0,0,0,0,0,0,0
0,1,0,0,0,0,0
0,0,0,0,0,0,0
0,0,0,0,0,0,0
0,0,0,0,0,0,0
0,0,0,0,0,0,0
0,0,0,0,0,0,1
0,0,0,0,0,0,0
0,0,0,0,0,0,1
1,0,0,0,0,0,0
0,1,0,0,0,0,0
0,0,0,0,0,0,1
0,0,0,0,0,1,0
0,0,0,1,0,0,1
0,0,0,0,0,0,1
0,1,0,0,0,0,0
0,0,0,0,0,0,0
0,0,0,0,0,0,0
0,0,0,1,0,0,0
0,0,0,0,0,0,1
1,0,0,0,0,0,0
0,0,0,0,0,0,0
0,0,0,1,0,0,1
0,0,0,0,0,0,0
0,1,0,0,0,0,0
0,0,0,0,0,0,0
0,0,0,0,0,0,1
0,0,0,0,0,0,1
1,0,0,0,0,0,0
1,0,0,0,0,0,0
0,0,0,0,0,1,0
0,1,0,0,0,0,0
0,0,0,0,0,0,0
0,0,0,0,0,0,0
0,1,0,0,0,0,0
0,1,0,0,0,0,0
0,0,0,0,0,0,0
0,0,0,0,0,0,0
0,0,0,0,0,0,1
1,0,0,0,0,0,0
0,0,0,0,0,0,0
0,0,0,0,0,0,0
0,0,0,0,0,0,1
0,0,0,1,0,0,0
0,0,0,0,0,0,1
0,0,0,1,0,0,0
1,0,0,0,0,0,0
0,0,0,0,0,0,1
0,0,0,0,0,0,0
0,0,0,0,0,0,0
0,0,0,1,0,0,0
0,0,0,0,0,0,0
0,0,0,0,1,0,0
0,0,0,0,0,0,1
0,0,0,0,0,0,1
0,0,0,0,0,0,0
0,0,0,0,0,1,0
0,0,0,0,0,0,1
1,0,0,0,0,0,0
0,0,0,0,0,0,1
1,0,0,0,0,0,0
0,0,0,0,0,0,0
0,1,0,0,0,0,0
1,0,0,0,0,0,0
0,0,0,0,0,0,0
0,0,0,0,0,1,0
0,0,0,0,0,0,1
0,1,0,0,0,0,0
0,1,0,0,0,0,0
0,0,0,0,0,0,1
0,0,0,0,0,0,0
0,0,0,0,0,0,0
1,0,0,0,0,0,0
0,1,0,0,0,0,0
0,0,1,0,1,0,0
0,0,0,0,0,0,0
1,0,0,0,0,0,0
0,1,0,0,0,0,0
0,0,0,0,1,0,0
0,0,0,0,0,0,0
0,0,0,0,0,0,0
0,0,0,0,0,0,0
0,1,0,0,0,0,0
0,1,0,0,0,0,0
0,0,0,1,0,0,1
0,0,0,0,0,0,1
0,0,0,0,0,0,1
0,0,0,0,0,0,1
0,0,0,0,0,0,1
0,1,0,0,0,0,1
0,1,0,0,0,0,0
0,0,0,0,0,0,1
0,0,0,0,0,0,0
0,1,0,0,0,0,0
0,1,0,0,0,0,0
0,0,0,0,0,0,0
0,0,0,0,0,0,1
0,0,0,0,0,0,0
1,0,0,0,0,0,1
0,0,0,0,0,0,0
0,0,0,1,0,0,0
1,0,0,0,0,0,0
1,0,0,0,0,0,0
1,0,0,0,0,0,0
0,0,0,0,0,0,0
0,0,0,0,0,0,0
0,1,0,0,0,0,0
0,0,0,0,1,0,0
0,0,0,0,0,0,1
0,0,0,0,0,0,0
0,0,0,0,0,0,0
0,0,0,0,0,1,0
0,0,0,0,0,0,0
0,0,0,0,0,0,1
0,0,0,0,1,0,0
0,1,0,0,0,0,0
1,0,0,0,0,0,0
1,0,0,0,0,0,0
0,0,0,0,0,0,1
0,0,0,0,0,0,1
0,1,0,0,0,0,0
0,1,0,0,0,0,0
0,0,0,0,0,0,0
0,1,0,0,0,0,0
0,0,0,0,0,0,1
1,0,0,0,0,0,0
0,0,0,0,1,0,0
0,1,0,0,0,0,0
0,0,0,1,0,0,0
0,0,0,0,0,0,0
0,0,0,0,1,0,0
1,0,0,0,0,0,0
0,0,0,0,0,0,1
0,1,0,0,0,0,0
0,0,0,1,0,0,0
0,1,0,0,0,0,0
1,0,0,0,0,0,0
0,0,0,0,0,0,0
0,1,0,0,0,0,0
0,0,0,0,0,0,0
0,0,0,0,0,0,0
0,1,0,0,0,0,0
0,0,0,0,1,0,0
1,0,0,0,0,0,1
0,0,0,0,0,0,0
1,0,0,0,0,0,0
0,0,0,0,0,0,0
0,0,0,0,0,0,0
0,0,0,0,0,0,0
0,0,0,0,0,0,0
1,0,0,0,0,0,0
0,0,0,0,0,0,0
0,0,0,0,0,0,1
0,1,0,0,0,0,0
1,0,0,0,0,0,0
0,0,0,0,0,0,1
1,0,0,0,0,0,0
1,0,0,0,0,0,0
0,0,0,0,0,0,1
1,0,0,0,0,0,0
0,1,0,0,0,0,0
1,0,0,0,0,0,0
0,0,0,0,0,0,1
0,0,0,0,0,0,0
0,0,0,0,0,0,1
1,0,0,0,0,0,0
0,0,0,0,1,0,0
0,0,0,0,0,0,1
0,0,0,0,0,0,1
0,1,0,0,0,0,0
0,0,0,0,0,0,1
0,0,0,0,0,0,1
0,0,0,0,0,0,0
0,0,0,0,0,0,1
1,0,0,0,0,0,0
0,0,0,0,0,0,1
0,0,0,0,0,0,0
1,0,0,0,0,0,0
0,1,0,0,0,0,0
0,0,0,0,0,0,1
0,0,0,0,1,0,1
0,0,0,0,0,0,0
0,1,0,0,0,0,1
0,1,0,0,0,0,0
0,1,0,0,0,0,0
0,1,0,0,0,0,0
0,0,0,1,0,0,0
1,0,0,0,0,0,0
0,0,0,0,0,0,1
1,0,0,0,0,0,0
1,0,0,0,1,0,0
0,0,0,0,0,0,1
0,1,0,0,0,0,0
0,0,0,0,1,0,0
0,0,0,0,0,0,1
0,1,0,0,0,0,0
0,1,0,0,0,0,0
0,1,0,0,0,0,0
0,0,0,0,0,0,0
0,0,0,0,0,0,1
1,0,0,0,0,0,0
0,1,0,0,0,0,0
1,0,0,0,0,0,0
0,0,0,0,0,0,1
0,1,0,0,0,0,0
0,0,0,0,0,0,1
0,0,0,0,0,0,1
0,0,0,0,0,0,0
1,0,0,0,0,0,0
0,1,0,0,0,0,0
0,0,0,0,0,0,1
0,0,0,0,0,0,0
0,0,0,0,0,0,0
0,0,0,0,0,0,0
0,0,0,0,0,0,1
0,1,0,0,0,0,0
0,0,0,0,0,0,1
1,0,0,0,0,0,0
0,0,0,0,0,0,1
0,0,0,0,0,0,1
0,0,0,0,0,0,0
0,0,0,0,0,0,0
0,1,0,0,0,0,0
1,0,0,0,0,0,0
0,0,0,0,0,0,1
0,0,0,1,0,0,0
1,0,0,0,0,0,0
0,1,0,0,0,0,0
0,0,0,0,0,0,1
0,0,0,0,0,0,0
0,0,0,0,0,0,0
0,0,0,0,1,0,0
0,0,0,0,0,0,1
0,0,0,1,0,0,1
0,0,0,0,0,0,0
0,0,0,0,1,0,0
0,1,0,0,0,0,0
0,1,0,0,0,0,0
0,1,0,0,0,0,0
0,1,0,0,0,0,0
0,0,0,0,0,0,0
0,0,0,0,0,0,1
0,0,0,0,1,0,0
0,0,0,0,1,0,0
0,0,0,0,0,0,0
0,0,0,0,0,0,0
0,0,0,0,0,0,0
0,0,0,0,0,0,1
0,1,0,0,0,0,0
0,0,0,0,0,0,0
0,0,0,0,0,0,0
0,0,0,0,0,0,1
0,0,0,0,0,0,1
0,1,0,0,0,0,0
0,0,0,0,0,0,0
0,0,0,0,1,0,0
0,0,0,0,0,0,1
0,0,0,0,0,0,1
1,0,0,0,1,0,0
0,0,0,0,0,0,1
0,1,0,0,0,0,0
0,0,0,0,0,0,1
0,0,0,0,0,0,1
1,0,0,0,0,0,0
0,1,0,0,0,0,0
0,0,0,0,0,0,0
0,0,0,0,1,0,0
0,0,0,0,0,0,0
0,0,0,0,0,0,0
0,0,0,0,0,0,0
0,0,0,1,0,0,0
0,0,0,0,0,0,0
0,1,0,0,0,0,0
0,0,0,0,0,0,1
0,0,0,0,0,0,1
0,0,0,0,0,0,0
1,0,0,0,0,0,0
0,0,0,0,0,0,1
0,0,0,0,0,0,0
0,0,0,0,0,0,0
0,0,0,1,0,0,0
0,1,0,0,0,0,0
1,0,0,0,0,0,0
0,0,0,0,0,0,0
1,0,0,0,0,0,1
0,0,0,0,0,0,0
1,0,0,0,0,0,1
1,0,0,0,0,0,1
1,0,0,0,0,0,0
0,0,0,0,0,0,0
0,0,0,1,0,0,0
0,0,0,0,0,0,1
0,0,0,0,0,0,1
0,1,0,0,0,0,0
0,0,0,1,0,0,0
0,0,0,0,0,0,0
0,0,0,0,0,1,0
0,1,0,0,0,0,0
0,0,0,0,0,0,1
0,0,0,0,0,0,1
0,0,0,0,0,0,0
0,1,0,0,0,1,0
1,0,0,0,0,0,0
0,0,0,0,0,0,0
1,0,0,0,0,0,0
0,0,0,0,0,0,0
1,0,0,0,0,0,0
0,0,0,0,0,0,0
0,1,0,0,0,0,0
0,1,0,0,0,0,0
0,0,0,0,1,0,0
0,0,0,0,0,0,0
0,0,0,1,0,0,1
0,0,0,0,0,0,0
1,0,0,0,0,0,1
0,0,0,0,0,0,0
0,1,0,0,0,0,0
0,0,0,0,0,0,0
0,1,0,0,0,0,0
0,0,0,0,0,0,1
0,0,0,0,0,0,1
0,1,0,0,0,0,0
0,0,0,0,0,0,1
0,0,0,0,0,0,0
0,1,0,0,0,0,0
0,0,0,0,0,0,0
0,0,0,0,0,0,0
0,0,0,0,0,0,0
0,0,0,0,0,0,0
0,0,0,0,0,0,0
0,0,0,0,0,0,0
0,0,0,0,1,0,0
0,0,0,0,0,0,1
0,0,0,0,0,0,0
0,0,0,0,0,0,0
0,0,0,0,0,0,1
0,1,0,0,0,0,0
0,0,0,0,0,0,0
0,0,0,0,0,0,0
0,0,0,0,1,0,0
0,0,0,0,0,0,0
0,0,0,0,0,0,1
0,0,0,0,0,0,0
0,0,0,0,0,0,1
0,0,0,0,0,0,0
0,0,0,0,0,0,1
0,0,0,0,0,0,0
1,0,0,0,0,0,1
0,0,0,0,0,0,0
0,0,0,0,0,0,1
0,0,0,0,0,0,0
0,0,0,0,0,0,0
1,0,0,0,0,0,0
0,0,0,1,0,0,0
1,0,0,0,1,0,0
1,0,0,0,0,0,0
0,0,0,0,0,0,0
0,0,0,0,0,0,0
1,0,0,0,0,0,0
0,0,0,1,0,0,0
0,1,0,0,0,0,0
1,0,0,0,0,0,0
0,0,0,0,0,0,1
0,0,0,0,0,0,0
0,1,0,0,0,0,0
0,0,0,0,0,0,1
0,0,0,0,0,0,0
0,0,0,0,0,0,0
1,0,1,0,0,0,0
0,0,0,0,0,1,0
1,0,0,0,0,0,0
0,0,0,0,0,0,0
0,1,0,0,0,0,0
1,0,0,0,0,0,0
0,0,0,0,0,0,0
0,0,0,0,0,1,0
0,0,0,0,0,0,0
0,0,0,0,0,0,1
0,0,0,0,0,0,0
0,0,0,1,0,0,0
0,0,0,0,0,0,0
0,0,0,0,0,0,1
0,0,0,0,0,0,0
0,0,0,0,0,0,0
0,0,0,0,0,0,0
0,0,0,0,0,0,1
0,0,0,0,0,0,1
0,0,0,0,0,0,1
0,1,1,0,0,0,0
0,0,0,0,0,0,1
0,0,0,0,0,0,0
0,0,0,0,0,0,0
0,0,0,0,0,0,1
0,0,0,0,1,0,0
0,0,0,1,0,0,0
0,0,0,0,0,0,0
1,0,0,0,1,0,0
0,0,0,0,0,0,1
0,0,0,0,0,0,0
0,0,0,0,0,0,0
0,0,0,0,0,1,0
0,0,0,0,0,0,0
0,0,0,0,0,1,0
0,0,0,0,0,0,0
0,0,0,0,0,0,1
0,1,0,0,0,0,0
1,0,0,0,0,0,0
0,0,0,0,0,0,1
1,0,0,0,0,0,0
0,0,0,0,0,0,0
0,0,0,0,0,0,0
0,0,0,0,0,0,1
0,0,0,0,0,0,0
0,0,0,0,0,0,1
0,0,0,0,0,0,0
0,0,0,0,0,0,0
0,0,0,0,1,0,0
0,0,0,0,0,0,0
0,0,0,0,0,0,0
0,0,0,0,0,0,0
0,0,0,0,0,0,0
1,0,0,0,0,0,0
1,0,0,0,0,0,0
0,0,0,1,0,0,1
0,0,0,0,0,0,0
1,0,0,0,0,0,0
0,0,0,0,0,0,0
0,0,0,0,0,0,1
0,0,0,1,0,0,1
0,0,0,0,0,0,1
0,0,0,0,0,0,0
0,0,0,0,0,0,1
0,0,0,0,0,0,0
0,0,0,0,0,0,1
0,1,0,0,0,0,0
0,0,0,0,0,0,0
0,0,0,0,0,0,0
0,0,0,0,0,0,0
0,0,0,0,0,0,0
1,0,0,0,0,0,0
0,0,0,0,0,0,1
0,1,0,0,0,0,0
0,0,0,0,0,0,0
0,0,0,0,0,0,0
0,0,0,0,0,0,0
0,0,0,0,0,0,1
0,0,0,0,1,0,0
0,0,0,1,0,0,1
0,1,0,0,0,1,0
0,0,0,0,0,0,0
0,1,0,0,0,0,0
0,0,0,0,0,0,1
0,0,0,0,0,0,1
0,0,0,0,0,0,0
0,0,0,1,0,0,0
1,0,0,0,0,0,0
0,0,0,0,1,0,0
1,0,1,0,0,0,0
0,0,0,0,0,0,1
0,0,0,0,0,0,0
0,0,0,0,0,0,0
0,0,0,0,0,1,0
0,1,0,0,0,0,0
0,0,0,0,0,0,0
0,0,0,0,0,0,0
1,0,0,0,0,0,0
0,0,0,0,0,0,0
0,0,0,0,0,0,0
0,1,0,0,0,0,0
0,1,0,0,0,0,0
0,0,0,0,0,0,0
0,0,0,1,0,0,0
0,0,0,1,0,0,0
0,1,0,0,0,0,0
0,0,0,0,0,0,0
1,0,0,0,0,0,1
0,0,0,0,0,0,0
0,0,0,0,0,0,0
0,0,0,0,0,0,1
0,0,0,0,0,0,1
0,1,0,0,0,0,0
0,0,0,0,0,0,0
0,0,0,0,0,0,0
1,0,0,0,0,0,0
0,0,0,1,0,0,1
0,0,0,0,0,0,0
0,0,0,0,0,0,1
0,0,0,0,0,0,0
0,0,0,0,0,0,0
0,1,0,0,0,0,0
0,0,0,0,0,0,1
0,1,0,0,0,0,0
1,0,0,0,0,0,0
0,1,0,0,0,0,0
0,0,0,0,0,0,0
0,1,0,0,0,0,0
0,0,0,0,0,0,1
0,0,0,0,0,0,1
0,1,0,0,0,0,0
0,0,0,0,0,1,0
1,0,0,0,0,0,0
0,1,0,0,0,0,0
0,0,0,0,0,0,1
0,0,0,0,0,0,1
0,1,0,0,0,0,0
1,0,0,0,0,0,0
0,1,0,0,0,0,0
0,1,0,0,0,0,0
0,0,0,0,1,0,0
0,1,0,0,0,0,0
0,0,0,0,1,0,0
0,0,0,0,1,0,0
0,1,0,0,0,0,0
0,1,0,0,0,0,0
0,0,0,0,0,0,0
1,0,0,0,0,0,0
1,0,0,0,0,0,0
1,0,0,0,0,0,0
0,0,0,0,0,0,1
0,1,0,0,0,0,0
0,0,0,0,0,0,0
0,1,0,0,0,0,0
0,0,0,0,0,0,1
0,0,0,0,0,0,1
1,0,0,0,1,0,0
1,0,0,0,1,0,0
0,0,0,0,0,0,1
0,0,0,0,0,0,1
0,0,0,0,0,0,1
0,0,1,0,0,0,0
0,1,0,0,0,0,0
0,0,0,0,0,0,1
1,0,0,0,0,0,1
0,0,0,0,0,0,0
0,0,0,0,0,0,0
1,0,0,0,0,0,1
0,0,0,0,0,0,1
0,0,0,1,0,0,0
0,1,0,0,0,0,0
0,1,0,0,0,0,0
1,0,0,0,0,0,0
0,1,0,0,0,0,0
0,0,0,0,0,0,0
0,0,0,0,0,0,1
0,0,0,0,0,0,0
0,0,0,0,0,0,1
1,0,0,0,0,0,0
1,0,0,0,0,0,0
0,0,0,0,1,0,0
0,0,0,0,0,0,1
0,0,0,1,0,0,0
0,0,0,0,0,0,0
0,1,0,0,0,0,0
0,1,0,0,0,0,0
1,0,0,0,0,0,0
0,0,0,0,0,0,1
0,0,0,0,0,0,1
0,1,0,0,0,0,0
0,0,0,0,0,0,0
0,0,0,0,0,0,0
0,0,0,0,0,0,1
0,0,0,0,0,0,0
0,0,0,0,0,0,1
0,0,0,0,0,0,0
0,0,0,0,0,0,0
1,0,0,0,0,0,0
0,0,0,0,0,1,0
0,0,0,0,0,0,0
1,0,0,0,0,0,0
1,0,0,0,0,0,0
0,0,0,0,1,0,0
0,1,0,0,0,0,0
1,0,0,0,0,0,0
0,0,0,0,1,0,0
0,0,0,0,1,0,0
0,0,0,0,0,0,0
0,0,0,0,0,0,1
0,0,0,0,0,1,0
0,1,0,0,0,0,0
1,0,0,0,0,0,0
0,1,0,0,0,0,0
0,1,0,0,0,0,0
0,0,0,0,0,0,1
0,0,0,0,0,0,0
0,0,0,0,1,0,0
0,0,0,0,0,1,0
0,0,1,0,0,0,0
0,0,0,0,0,0,0
0,0,0,0,1,0,0
0,0,0,0,0,0,0
0,0,0,0,0,0,0
1,0,0,0,0,0,0
0,0,0,0,0,0,1
0,0,0,0,0,0,0
0,0,0,0,0,0,0
0,0,0,0,0,1,0
0,0,0,0,0,0,0
0,0,0,0,0,0,1
0,0,0,0,0,0,1
0,1,0,0,0,0,0
0,0,0,0,0,0,0
0,0,0,0,0,0,1
0,0,0,0,0,0,0
1,0,0,0,0,0,0
0,1,0,0,0,0,0
0,1,0,0,0,0,0
0,0,0,0,0,0,0
0,1,0,0,0,0,0
0,1,0,0,0,0,0
0,0,0,0,0,0,0
0,0,0,0,0,0,0
0,0,0,1,0,0,0
0,1,0,0,0,0,0
0,0,0,0,1,0,0
0,0,0,0,0,0,1
0,1,0,0,0,0,0
0,0,0,0,0,0,1
0,1,0,0,0,0,0
0,0,0,0,0,0,1
0,0,0,0,0,0,1
0,0,0,1,0,0,0
0,0,0,0,0,0,1
0,0,0,0,0,0,0
0,0,0,0,0,0,0
0,1,0,0,0,0,0
1,0,0,0,0,0,0
0,0,0,0,1,0,0
1,0,0,0,0,0,0
0,0,0,0,1,0,0
0,1,0,0,0,0,0
0,1,0,0,0,0,0
0,0,0,0,0,1,0
0,0,0,0,0,0,0
0,0,0,1,0,0,0
0,0,0,0,0,0,0
0,1,0,0,0,0,0
0,0,0,0,0,0,0
0,0,0,0,0,0,0
0,0,0,0,1,0,0
0,0,0,0,0,0,1
1,0,0,0,0,0,0
0,1,0,0,0,0,0
0,0,0,0,0,0,0
1,0,1,0,0,0,0
0,0,0,0,0,0,0
0,0,0,1,0,0,0
0,0,0,1,0,0,1
1,0,0,0,0,0,0
0,0,0,0,0,0,0
0,1,0,0,0,0,0
1,0,0,0,0,0,0
0,0,0,0,0,0,1
0,1,0,0,0,1,0
0,1,0,0,0,0,0
0,0,0,0,0,0,1
0,0,0,0,0,0,0
1,0,0,0,0,0,0
1,0,0,0,0,0,0
0,1,0,0,0,0,0
0,1,0,0,0,0,0
0,0,0,0,0,0,0
1,0,0,0,0,0,0
0,0,0,0,0,0,0
0,0,0,0,0,0,0
0,1,0,0,0,0,0
0,0,0,0,0,0,0
0,1,0,0,0,1,0
0,0,0,1,0,0,1
0,0,0,0,0,0,1
0,0,0,0,0,0,0
0,0,0,0,0,0,0
1,0,0,0,0,0,0
0,0,0,0,0,0,1
0,0,0,0,0,1,0
0,0,0,0,0,0,0
1,0,0,0,0,0,0
0,0,0,0,0,0,1
0,0,0,0,0,0,0
0,0,0,0,0,0,1
0,0,0,0,0,0,0
0,0,0,0,0,0,0
0,0,0,0,0,0,0
0,0,0,0,0,0,1
0,1,0,0,0,0,0
0,0,0,0,0,0,0
0,0,0,1,0,0,0
0,0,0,0,0,0,1
0,0,0,0,0,0,1
0,0,0,0,0,0,0
1,0,0,0,0,0,0
0,0,0,0,0,0,1
0,0,0,0,0,0,1
0,1,0,0,0,0,0
1,0,0,0,0,0,0
0,0,0,1,0,0,0
0,0,0,0,0,0,1
0,1,0,0,0,0,0
0,0,0,0,0,0,0
1,0,0,0,1,0,0
1,0,0,0,0,0,0
0,0,0,0,0,0,1
0,0,0,0,0,0,0
0,0,0,0,0,0,1
0,0,0,0,0,0,0
1,0,0,0,0,0,1
0,0,0,0,1,0,0
0,0,0,0,0,0,1
0,0,0,0,0,0,1
1,0,1,0,0,0,0
0,0,0,0,0,0,1
0,0,0,0,0,0,0
0,1,0,0,0,0,0
0,0,0,0,0,0,0
0,1,0,0,0,0,0
0,0,0,0,1,0,0
0,0,0,0,0,0,0
0,1,0,0,0,0,0
0,1,0,0,0,0,0
0,0,0,0,0,0,1
0,0,0,0,0,0,1
0,0,0,0,0,0,1
0,0,0,1,0,0,0
0,1,0,0,0,0,1
0,0,0,0,0,0,1
0,0,0,0,0,0,0
0,0,0,0,0,0,0
0,0,0,0,0,0,1
1,0,0,0,0,0,0
0,0,0,0,0,0,0
0,1,0,0,0,0,0
0,1,0,0,0,0,0
0,1,0,0,0,0,0
0,0,0,0,0,0,1
0,0,0,0,1,0,0
0,0,0,0,0,0,0
0,0,0,0,0,0,1
0,0,0,0,0,0,1
0,1,0,0,0,0,0
1,0,0,0,0,0,1
1,0,0,0,0,0,0
0,0,0,0,0,0,1
0,0,0,0,0,0,0
0,0,0,1,0,0,0
1,0,0,0,0,0,0
1,0,0,0,1,0,0
0,1,0,0,0,0,0
0,0,0,0,0,0,0
1,0,0,0,0,0,0
0,0,0,1,0,0,0
0,1,0,0,0,0,0
0,0,0,0,0,0,0
0,0,0,0,0,1,0
0,0,0,0,0,0,0
0,0,0,0,0,0,0
0,0,0,0,0,0,0
0,1,0,0,0,0,0
0,0,0,0,0,0,0
0,1,0,0,0,0,0
0,1,0,0,0,0,0
0,0,0,1,0,0,0
0,0,0,0,0,0,0
0,0,0,0,0,0,0
0,0,0,0,0,0,0
0,0,0,0,1,0,0
0,0,1,0,0,0,0
0,0,0,0,0,0,1
1,0,0,0,0,0,0
0,1,0,0,0,0,0
0,0,0,0,0,0,0
0,0,0,0,0,0,0
1,0,0,0,0,0,0
0,0,0,0,1,0,0
0,0,0,0,0,0,0
0,0,0,0,0,0,1
0,1,0,0,0,0,0
0,0,0,0,0,0,0
1,0,0,0,0,0,0
0,1,0,0,0,0,0
0,0,0,0,0,0,0
0,1,0,0,0,0,0
0,0,0,1,0,0,0
0,0,0,1,0,0,0
1,0,0,0,0,0,0
0,0,0,0,0,0,0
1,0,0,0,0,0,0
0,0,0,1,0,0,1
0,1,0,0,0,0,0
0,0,0,0,0,0,0
0,1,0,0,0,0,0
0,0,0,1,0,0,0
0,1,0,0,0,0,0
0,0,0,0,0,0,1
0,0,0,0,0,0,1
0,0,0,0,0,0,1
0,0,0,1,0,0,0
0,0,0,1,0,0,0
0,1,0,0,0,0,0
1,0,1,0,0,0,0
0,0,0,0,0,0,0
0,0,0,0,0,0,1
0,0,0,0,0,0,1
1,0,0,0,0,0,0
0,0,0,0,0,0,1
0,0,0,0,0,0,1
0,0,0,0,0,0,0
0,0,0,0,0,0,1
0,0,0,0,0,0,1
1,0,0,0,0,0,0
0,0,0,1,0,0,0
0,0,0,1,0,0,1
0,1,0,0,0,0,0
1,0,0,0,0,0,0
0,0,0,0,0,0,1
0,0,0,0,0,0,0
0,0,0,0,0,0,1
0,0,0,0,0,0,1
0,0,0,1,0,0,0
0,0,0,0,0,0,0
1,0,1,0,0,0,0
0,0,0,0,0,0,0
0,0,0,0,0,0,0
0,0,0,0,0,0,1
0,0,0,0,0,0,1
0,1,0,0,0,0,0
0,0,0,0,0,0,1
0,0,0,0,1,0,0
0,0,0,0,0,0,1
0,0,0,0,0,0,1
0,0,0,0,0,1,0
0,0,0,0,0,0,1
0,0,0,0,0,0,0
0,1,0,0,0,0,0
0,0,0,0,1,0,0
0,0,0,0,0,0,0
0,0,0,1,0,0,0
0,0,0,0,1,0,0
0,0,0,0,0,0,0
0,0,0,0,0,0,1
0,1,0,0,0,0,0
0,1,0,0,0,0,0
0,0,0,0,0,0,1
0,0,0,0,0,0,0
1,0,0,0,0,0,0
0,0,0,0,0,0,1
0,0,0,0,1,0,0
0,0,0,0,0,0,1
0,0,0,0,0,0,0
0,0,0,0,0,0,0
1,0,1,0,0,0,0
0,1,0,0,0,0,0
0,0,0,0,0,0,0
1,0,0,0,0,0,0
0,0,0,0,0,0,0
0,0,0,0,0,0,0
0,0,0,0,0,0,1
0,0,0,0,0,0,1
0,0,0,1,0,0,0
0,0,0,0,0,0,0
1,0,0,0,0,0,0
0,0,0,0,0,0,0
0,0,0,0,0,0,0
1,0,0,0,0,0,1
0,0,0,0,0,0,1
0,0,0,0,0,0,1
0,0,0,0,0,0,1
0,0,0,0,0,0,0
1,0,0,0,0,0,0
0,0,0,0,0,0,1
0,1,0,0,0,0,0
0,0,0,0,0,0,1
0,0,0,0,0,0,0
0,0,0,1,0,0,0
0,1,0,0,0,0,0
0,0,0,0,0,0,0
0,0,0,0,0,0,1
0,1,0,0,0,0,0
0,0,1,0,0,0,0
0,1,0,0,0,0,1
0,0,0,0,0,0,0
1,0,0,0,0,0,0
0,0,0,0,0,0,1
0,0,0,1,0,0,0
0,0,0,0,0,0,1
0,0,0,0,0,0,0
0,0,0,0,0,0,1
0,0,0,0,0,0,1
0,0,0,0,0,0,1
0,0,0,0,0,0,0
0,0,0,0,0,0,1
0,0,0,0,0,0,0
0,0,0,0,0,0,0
0,0,0,0,0,0,0
0,0,0,0,0,0,1
0,0,0,0,0,0,1
0,0,0,0,0,0,0
0,0,0,0,1,0,0
1,0,0,0,0,0,0
0,0,0,1,0,0,1
0,1,0,0,0,0,0
0,0,0,0,0,0,0
1,0,0,0,0,0,0
0,0,0,0,0,0,0
0,0,0,0,0,0,1
0,1,0,0,0,0,0
0,0,0,1,0,0,0
0,0,0,0,1,0,1
1,0,0,0,0,0,0
1,0,0,0,0,0,0
0,1,0,0,0,0,0
0,0,0,0,0,0,0
0,1,0,0,0,0,0
1,0,0,0,0,0,0
0,0,0,0,0,0,1
0,0,0,0,0,0,0
0,0,0,0,0,0,0
0,0,0,0,0,0,1
0,0,0,0,0,0,0
0,0,0,0,0,0,1
0,0,0,0,0,0,1
0,0,0,1,0,0,1
0,0,0,0,0,0,1
0,0,0,0,0,1,0
0,1,0,0,0,0,0
1,0,0,0,0,0,0
0,0,0,0,0,0,1
0,0,0,0,0,0,1
0,0,0,0,0,0,1
0,0,0,0,0,0,0
1,0,0,0,0,0,0
1,0,0,0,0,0,0
0,0,0,0,0,0,1
0,0,0,0,0,0,1
1,0,0,0,0,0,0
0,1,0,0,0,0,0
0,0,0,0,0,0,1
0,0,0,0,0,0,0
0,0,0,0,0,0,0
0,1,0,0,0,0,0
0,0,0,0,0,0,0
0,0,0,0,0,0,0
0,0,0,0,0,0,0
1,0,0,0,0,0,0
1,0,1,0,0,0,0
0,0,0,0,0,0,1
0,0,0,1,0,0,0
0,0,0,0,0,0,1
0,0,0,0,0,0,1
0,0,0,0,0,0,0
0,1,0,0,0,0,0
0,0,1,0,0,0,0
1,0,0,0,0,0,0
0,1,0,0,0,0,0
1,0,0,0,0,0,0
1,0,0,0,0,0,0
0,1,0,0,0,0,0
0,0,0,0,0,0,0
0,1,0,0,0,0,0
0,1,0,0,0,0,0
0,1,0,0,0,0,0
0,0,0,0,0,0,0
0,1,0,0,0,0,0
0,0,0,0,0,0,1
0,0,0,0,0,1,0
0,0,0,0,0,0,0
1,0,0,0,0,0,1
0,0,0,1,0,0,0
0,1,0,0,0,0,0
0,0,0,0,0,0,1
0,0,0,0,0,0,1
1,0,0,0,0,0,0
0,1,0,0,0,0,1
0,0,0,0,0,0,0
1,0,1,0,0,0,0
1,0,0,0,0,0,1
0,1,0,0,0,0,0
0,0,0,1,0,0,0
1,0,0,0,0,0,0
0,0,0,0,0,0,0
0,0,0,0,0,0,1
0,1,0,0,0,0,0
1,0,0,0,0,0,0
0,0,0,0,0,0,0
0,0,0,0,0,0,0
0,0,0,1,0,0,1
0,0,0,0,0,0,0
0,0,0,0,0,0,0
0,0,0,0,0,0,0
0,1,0,0,0,0,0
0,0,1,0,0,0,0
1,0,0,0,0,0,0
0,1,0,0,0,0,0
0,0,0,0,1,0,0
0,0,0,0,0,0,1
0,0,0,1,0,0,0
0,0,0,0,0,0,1
0,0,0,0,0,0,1
1,0,0,0,0,0,0
1,0,0,0,0,0,0
0,0,0,0,1,0,0
1,0,0,0,0,0,0
1,0,0,0,0,0,0
0,0,0,0,1,0,0
0,1,0,0,0,0,1
0,0,0,0,0,0,0
0,0,0,0,0,0,1
0,0,0,0,0,0,0
0,0,0,0,0,0,1
0,0,0,0,0,0,0
0,0,0,0,0,0,0
0,0,0,0,0,0,0
1,0,0,0,0,0,0
0,0,0,0,0,0,1
0,0,0,0,0,0,0
0,0,0,0,0,0,1
0,0,0,0,0,0,1
0,0,0,0,0,0,0
0,1,0,0,0,0,0
0,0,0,1,0,0,0
0,1,0,0,0,0,0
0,0,0,1,0,0,1
1,0,0,0,0,0,0
0,1,0,0,0,0,0
0,0,0,0,0,0,1
0,0,1,0,1,0,0
0,1,0,0,0,0,0
0,0,0,1,0,0,0
0,0,0,0,0,0,1
1,0,0,0,0,0,1
1,0,0,0,0,0,0
0,0,0,0,0,0,0
0,0,0,0,0,0,1
0,0,0,0,0,0,0
1,0,0,0,0,0,0
0,0,0,0,0,0,0
1,0,0,0,0,0,0
0,0,0,0,0,0,1
0,0,0,0,0,0,0
1,0,0,0,0,0,0
0,0,0,0,0,0,0
0,1,0,0,0,0,0
1,0,0,0,0,0,0
0,0,0,0,0,0,0
0,1,0,0,0,0,0
1,0,0,0,0,0,1
0,0,0,0,0,0,0
0,0,0,1,0,0,0
1,0,0,0,0,0,0
0,0,0,0,0,0,0
1,0,0,0,0,0,0
0,1,0,0,0,0,0
0,0,0,0,0,0,0
1,0,0,0,0,0,0
0,0,0,0,1,0,0
0,0,0,0,0,0,1
0,0,0,1,0,0,0
0,0,0,0,0,0,0
0,0,0,0,0,0,1
0,1,0,0,0,0,0
0,0,0,0,0,0,0
0,1,0,0,0,0,0
0,0,0,0,0,0,0
0,1,0,0,0,0,0
0,0,0,0,0,0,1
0,0,0,0,0,1,0
0,0,0,1,0,0,0
0,0,0,1,0,0,0
0,0,0,0,0,0,0
0,1,0,0,0,0,0
1,0,0,0,0,0,0
0,0,0,0,0,0,0
0,0,0,1,0,0,0
0,0,0,0,0,0,0
0,0,0,0,0,1,0
0,0,0,0,0,0,0
1,0,0,0,0,0,0
1,0,0,0,0,0,0
0,0,0,0,0,0,0
0,0,0,0,1,0,0
0,0,0,0,0,0,0
0,1,0,0,0,0,0
0,0,0,0,0,0,0
1,0,0,0,0,0,0
1,0,0,0,0,0,0
0,1,0,0,0,0,0
0,0,0,1,0,0,0
0,0,0,0,0,0,1
1,0,0,0,0,0,0
0,0,0,0,0,0,0
1,0,0,0,0,0,0
0,0,0,0,0,0,0
0,1,0,0,0,0,0
0,0,0,0,0,0,1
0,0,0,0,0,0,1
0,0,0,0,0,0,1
0,0,0,0,0,0,1
0,0,0,1,0,0,1
1,0,0,0,0,0,0
0,0,0,0,0,0,0
0,1,0,0,0,0,0
1,0,0,0,0,0,0
1,0,0,0,0,0,0
1,0,0,0,0,0,0
0,0,0,0,0,0,1
0,0,0,0,0,0,0
0,0,0,0,0,0,1
0,0,0,0,0,0,0
1,0,0,0,1,0,0
0,0,0,0,0,0,1
0,0,0,0,0,0,1
0,0,0,0,0,0,0
0,1,0,0,0,0,0
0,0,0,0,1,0,1
0,1,0,0,0,0,0
0,0,0,0,0,0,1
1,0,0,0,0,0,0
0,0,0,1,0,0,0
0,0,0,0,0,0,0
0,0,0,0,0,1,0
0,1,0,0,0,0,0
0,0,0,0,0,0,1
0,1,0,0,0,0,0
0,0,0,0,0,0,0
0,0,0,0,0,0,0
0,0,0,0,0,0,1
1,0,0,0,0,0,0
0,0,0,0,1,0,0
0,0,0,0,0,0,1
1,0,0,0,0,0,0
0,1,0,0,0,0,0
0,0,0,0,0,0,1
0,0,0,0,0,0,0
1,0,0,0,0,0,0
0,0,0,0,0,0,1
0,0,0,0,0,0,0
0,0,0,0,0,0,0
0,0,0,1,0,0,0
0,0,0,1,0,0,0
0,0,0,0,0,0,1
0,1,0,0,0,0,0
0,0,0,1,0,0,0
0,0,0,0,0,0,1
0,0,0,0,0,0,0
0,1,0,0,0,0,0
1,0,0,0,0,0,0
0,1,0,0,0,0,0
1,0,0,0,0,0,0
0,1,0,0,0,0,0
0,0,0,1,0,0,0
1,0,0,0,0,0,0
0,0,0,0,0,0,1
0,1,0,0,0,0,0
0,0,0,0,0,0,1
1,0,0,0,0,0,0
1,0,0,0,1,0,0
0,0,0,1,0,0,0
0,0,0,0,0,0,0
0,0,0,0,0,0,0
0,0,0,0,0,0,0
0,0,0,0,0,0,1
0,1,0,0,0,0,0
0,0,0,0,0,0,1
0,0,0,0,0,0,1
0,1,0,0,0,0,0
0,0,0,0,0,0,0
0,1,0,0,0,0,0
0,0,0,0,0,0,0
1,0,0,0,0,0,0
1,0,0,0,0,0,0
0,1,0,0,0,0,0
0,0,0,0,0,0,0
0,1,0,0,0,0,0
0,0,0,1,0,0,0
0,1,0,0,0,0,0
0,0,0,0,0,0,0
0,1,0,0,0,0,0
0,0,0,1,0,0,0
0,0,0,0,0,0,1
0,1,0,0,0,0,0
1,0,0,0,0,0,0
1,0,0,0,0,0,0
1,0,0,0,0,0,0
0,0,0,0,0,0,1
0,0,0,0,0,0,1
0,0,0,0,0,1,0
1,0,1,0,0,0,0
1,0,0,0,0,0,1
0,1,0,0,0,0,0
0,0,0,0,0,0,1
0,0,0,0,0,0,0
0,0,0,0,0,0,1
0,0,0,0,0,0,1
0,1,0,0,0,0,0
0,0,0,0,0,0,1
0,1,0,0,0,1,0
0,0,0,1,0,0,0
1,0,0,0,0,0,1
0,0,0,0,0,0,1
0,0,0,0,0,0,0
0,0,0,0,0,0,0
0,1,0,0,0,0,0
0,0,0,0,0,0,1
0,0,0,0,0,0,0
0,0,0,0,0,1,0
0,0,0,0,0,0,1
1,0,0,0,0,0,0
0,0,0,0,0,0,0
0,0,0,0,0,0,0
0,0,0,0,0,0,0
0,0,1,0,0,0,0
0,0,0,0,0,0,0
0,0,0,0,0,0,1
0,0,0,0,1,0,0
0,0,0,0,0,0,1
1,0,0,0,0,0,0
0,0,0,0,0,0,1
0,0,0,0,0,0,1
0,0,0,0,0,0,0
0,0,0,1,0,0,0
1,0,0,0,0,0,0
1,0,0,0,0,0,1
1,0,0,0,0,0,0
0,0,0,0,0,0,0
0,1,0,0,0,0,0
0,0,0,1,0,0,0
0,0,0,0,0,0,1
0,0,0,0,0,0,1
0,0,0,0,0,0,0
0,1,0,0,0,0,0
1,0,0,0,0,0,0
1,0,0,0,0,0,0
0,0,0,0,0,0,0
0,0,0,0,0,0,1
0,0,0,1,0,0,1
0,0,0,1,0,0,0
0,1,0,0,0,0,0
0,0,0,0,0,1,0
0,0,0,0,0,0,1
0,0,0,1,0,0,0
1,0,0,0,0,0,0
1,0,0,0,0,0,0
0,0,0,1,0,0,1
1,0,0,0,0,0,0
0,1,0,0,0,0,0
1,0,0,0,0,0,0
0,0,0,0,0,0,1
0,1,0,0,0,0,0
0,0,0,0,0,0,0
0,0,0,1,0,0,0
0,0,0,0,0,0,0
0,0,0,0,0,0,1
0,0,0,0,0,0,0
0,0,0,0,1,0,0
0,0,0,0,0,0,1
0,1,0,0,0,0,0
0,1,0,0,0,0,0
0,0,0,0,0,0,1
0,0,0,0,0,0,1
0,0,0,0,0,0,1
0,0,0,1,0,0,0
0,0,0,0,0,0,1
0,0,0,0,0,0,1
0,0,0,0,0,0,1
0,1,0,0,0,0,0
0,0,0,1,0,0,0
0,0,0,0,0,0,1
0,1,0,0,0,0,0
0,0,0,1,0,0,0
0,0,0,0,0,1,0
0,0,0,0,0,0,0
0,0,0,1,0,0,1
1,0,0,0,0,0,0
0,0,0,1,0,0,0
0,0,0,0,0,0,0
0,0,0,0,0,1,0
0,1,0,0,0,0,0
0,0,0,0,0,0,1
0,0,0,0,0,0,0
0,0,0,0,0,0,0
1,0,0,0,0,0,0
1,0,0,0,0,0,0
0,0,0,0,1,0,0
0,0,0,0,1,0,0
1,0,0,0,0,0,0
0,0,1,0,0,0,0
0,0,0,0,0,0,0
0,0,0,0,0,0,0
0,0,0,0,0,0,1
0,0,0,0,0,0,1
0,0,0,0,0,0,0
0,0,0,0,0,0,0
0,0,0,0,1,0,0
0,0,0,1,0,0,1
0,0,0,0,0,0,1
0,0,0,0,0,0,0
0,0,0,1,0,0,0
0,0,0,0,0,0,1
0,0,0,0,1,0,0
0,0,0,0,0,1,0
0,1,0,0,0,0,0
0,0,0,0,0,0,1
0,0,0,0,0,0,0
0,0,0,0,0,0,1
0,1,0,0,0,0,0
1,0,0,0,0,0,1
0,1,0,0,0,0,0
0,1,0,0,0,0,0
1,0,0,0,0,0,0
0,0,0,0,0,0,1
0,1,0,0,0,0,0
1,0,0,0,0,0,1
0,0,0,0,0,0,0
0,1,0,0,0,0,0
0,0,0,0,0,0,0
0,0,0,0,0,0,1
0,0,0,0,0,0,1
1,0,0,0,0,0,0
0,0,0,0,0,0,0
0,0,0,0,1,0,0
0,0,0,0,0,0,1
0,0,0,0,0,0,1
0,0,0,0,0,0,1
0,1,0,0,0,0,0
0,1,0,0,0,0,0
0,1,0,0,0,0,0
1,0,0,0,0,0,0
0,0,0,0,0,0,0
0,0,0,0,0,0,1
0,0,0,0,0,0,1
1,0,0,0,0,0,0
0,0,0,0,0,0,0
0,1,0,0,0,0,0
0,1,0,0,0,0,0
0,1,0,0,0,0,0
0,1,0,0,0,0,0
1,0,0,0,0,0,1
0,1,0,0,0,0,0
0,0,0,0,0,0,1
0,0,0,0,0,0,0
0,1,0,0,0,0,0
1,0,0,0,0,0,0
0,1,0,0,0,0,0
1,0,0,0,0,0,0
0,0,0,0,0,0,0
0,1,0,0,0,0,0
0,0,0,0,0,0,1
0,0,0,0,0,0,0
0,0,0,1,0,0,0
1,0,0,0,0,0,0
0,1,0,0,0,0,0
0,1,0,0,0,0,0
0,1,0,0,0,0,0
1,0,0,0,0,0,0
0,0,0,0,0,0,1
0,0,0,0,0,0,0
0,0,0,0,0,0,1
0,0,0,0,0,0,0
0,0,0,0,0,0,1
1,0,0,0,0,0,0
0,0,0,0,0,0,1
0,1,0,0,0,0,0
1,0,0,0,0,0,1
0,0,0,0,0,0,0
0,0,0,0,0,0,1
0,0,0,0,0,0,1
1,0,0,0,0,0,0
0,0,0,0,0,0,1
0,0,0,0,0,0,1
0,0,0,1,0,0,0
0,0,0,0,0,0,0
0,1,0,0,0,0,0
1,0,0,0,0,0,0
0,0,0,0,0,0,1
0,0,0,1,0,0,1
0,1,0,0,0,0,0
0,1,0,0,0,0,0
0,0,0,0,0,0,0
0,0,0,0,0,0,1
0,0,0,0,0,0,0
0,0,0,0,0,0,0
0,0,0,0,0,0,1
0,0,0,0,0,0,0
0,0,0,0,0,0,0
0,1,0,0,0,0,0
0,0,0,1,0,0,0
0,0,0,0,0,0,1
0,0,0,0,1,0,0
0,0,0,0,0,0,1
0,0,0,0,1,0,0
0,0,0,0,0,0,1
0,0,0,0,0,0,1
0,0,0,0,0,0,0
0,0,0,0,0,0,0
0,0,0,1,0,0,0
0,0,0,1,0,0,0
0,0,0,0,0,0,1
0,0,0,0,0,0,0
0,1,0,0,0,0,0
0,0,0,0,0,0,0
0,0,0,0,1,0,0
0,1,0,0,0,0,0
0,1,0,0,0,0,0
0,0,0,0,0,0,0
0,0,1,0,0,0,0
0,0,0,0,0,0,1
0,0,0,0,0,0,1
1,0,0,0,1,0,0
0,0,0,0,0,0,1
0,0,0,0,0,0,0
0,0,0,1,0,0,0
0,0,0,0,0,0,0
0,1,0,0,0,0,0
0,0,0,0,0,0,0
0,0,0,0,0,0,1
0,0,0,0,0,0,0
0,0,0,0,0,0,1
0,0,0,0,0,0,1
0,0,0,0,0,0,1
0,0,0,0,0,0,0
0,1,0,0,0,0,0
0,0,0,0,0,0,0
1,0,0,0,0,0,0
0,0,0,0,0,0,0
0,0,0,0,0,0,0
0,0,0,0,0,0,0
0,1,0,0,0,0,0
0,0,0,0,0,0,1
0,0,0,0,0,0,0
0,0,0,0,0,0,0
1,0,0,0,0,0,0
0,0,0,1,0,0,0
0,0,0,0,0,0,1
0,0,0,0,0,0,0
0,0,0,0,0,0,0
0,1,0,0,0,0,0
0,0,0,0,0,0,0
0,0,0,0,1,0,0
0,0,0,0,0,0,1
0,0,0,0,0,0,1
0,1,0,0,0,0,0
0,0,0,1,0,0,0
0,0,0,1,0,0,0
0,0,0,0,0,0,1
1,0,0,0,0,0,0
0,1,0,0,0,0,0
0,0,0,0,0,0,0
1,0,0,0,0,0,0
0,0,0,0,0,1,0
1,0,0,0,0,0,0
0,0,0,0,0,0,1
0,0,0,0,0,0,1
0,0,0,0,0,0,1
0,0,0,1,0,0,1
0,0,0,0,0,1,0
0,0,0,1,0,0,0
0,0,0,0,0,0,0
0,1,0,0,0,0,0
0,0,0,0,0,0,0
0,0,0,0,0,0,1
1,0,0,0,0,0,0
0,0,0,0,0,0,1
0,1,0,0,0,0,0
0,0,0,0,0,0,0
0,0,0,1,0,0,0
0,1,0,0,0,0,0
0,0,0,0,0,0,1
0,0,0,0,0,0,0
0,0,0,0,0,0,0
0,1,0,0,0,0,0
0,1,0,0,0,0,0
0,0,0,1,0,0,0
1,0,0,0,0,0,0
0,1,0,0,0,1,0
0,0,0,0,0,0,1
1,0,0,0,0,0,0
1,0,0,0,0,0,0
0,0,1,0,0,0,1
0,0,0,0,0,0,1
0,0,0,0,0,0,1
0,1,0,0,0,0,0
0,0,0,0,0,0,0
1,0,0,0,1,0,0
0,0,0,0,0,0,1
0,0,0,0,0,0,0
1,0,0,0,0,0,0
0,0,0,1,0,0,0
0,0,0,0,0,0,0
0,0,0,0,0,0,0
0,0,0,0,0,0,0
0,0,1,0,0,0,0
0,1,0,0,0,0,0
0,1,0,0,0,0,0
0,0,0,0,0,0,0
0,1,0,0,0,0,0
0,0,0,0,0,0,1
0,0,0,0,0,0,1
0,0,0,0,0,0,0
1,0,1,0,0,0,0
0,0,0,0,0,0,0
0,0,0,0,0,0,0
0,1,0,0,0,0,0
0,0,0,0,0,0,1
0,0,0,0,0,0,0
0,0,0,0,0,0,1
0,0,0,0,0,0,0
1,0,0,0,1,0,0
0,1,0,0,0,0,0
0,0,0,0,0,1,0
0,1,0,0,0,0,0
0,0,0,1,0,0,0
0,0,0,0,0,0,0
0,0,0,0,0,0,1
0,1,0,0,0,0,0
0,1,0,0,0,0,0
0,0,0,0,0,0,0
0,1,0,0,0,0,0
1,0,0,0,0,0,0
0,0,0,0,0,0,0
0,1,0,0,0,1,0
1,0,0,0,0,0,0
0,1,0,0,0,0,0
0,0,0,0,0,0,0
0,0,0,0,0,0,0
0,0,0,1,0,0,1
0,0,0,0,0,0,1
0,0,0,0,0,1,0
0,0,0,0,0,0,0
0,0,0,0,0,0,0
0,0,0,0,0,0,1
1,0,0,0,0,0,0
0,0,0,0,0,0,1
0,0,0,0,0,0,0
0,0,0,0,1,0,0
0,0,0,0,0,0,0
0,0,0,0,0,0,1
1,0,0,0,0,0,0
0,0,0,0,0,0,0
0,0,0,0,0,0,0
0,0,0,0,0,0,0
0,0,0,0,0,0,1
0,0,0,0,0,0,1
0,0,0,0,0,0,0
0,0,0,0,0,0,0
0,0,0,0,0,0,0
0,1,0,0,0,0,0
0,0,0,0,0,0,1
0,0,0,0,0,0,1
0,0,0,0,0,0,1
0,0,0,0,0,0,0
0,0,0,0,0,0,1
0,0,0,0,0,0,1
0,0,0,0,0,0,1
0,0,0,0,0,0,0
1,0,0,0,0,0,0
0,0,0,1,0,0,0
0,1,0,0,0,0,0
0,0,0,0,0,0,0
0,0,0,0,0,0,0
0,1,0,0,0,0,0
0,0,0,0,0,0,0
0,0,0,0,0,0,1
0,0,0,0,0,0,0
0,1,0,0,0,0,0
0,0,0,0,0,0,0
0,0,0,0,0,0,1
0,0,0,0,0,0,1
0,0,0,0,0,0,1
0,0,0,0,0,0,1
0,0,0,0,0,0,1
1,0,0,0,0,0,0
0,0,0,0,0,0,0
0,0,0,0,0,0,0
0,1,0,0,0,0,0
0,0,0,0,0,0,1
0,1,0,0,0,0,0
0,0,0,0,0,0,0
0,0,0,1,0,0,0
0,0,0,0,0,0,1
0,0,0,1,0,0,1
1,0,0,0,0,0,0
0,0,0,0,1,0,0
0,0,0,0,0,0,0
0,0,0,0,0,0,0
0,0,1,0,0,0,1
0,0,0,0,0,0,1
0,1,0,0,0,0,0
0,0,0,0,0,0,1
0,0,0,1,0,0,1
0,0,1,0,0,0,0
0,0,0,0,0,0,0
1,0,0,0,0,0,0
1,0,0,0,0,0,0
0,0,1,0,0,0,0
0,1,0,0,0,0,0
0,0,0,0,0,0,0
0,0,0,0,0,0,0
0,0,0,0,0,0,0
0,0,0,0,1,0,0
0,1,0,0,0,0,0
0,0,0,0,0,0,0
1,0,0,0,0,0,0
1,0,0,0,0,0,0
0,0,0,0,0,0,1
0,0,0,0,0,0,0
0,0,0,0,0,0,1
0,1,0,0,0,0,0
0,1,0,0,0,0,0
0,0,0,0,0,0,0
0,0,0,0,0,0,0
0,0,0,0,0,0,0
1,0,0,0,0,0,0
0,0,0,0,0,0,0
0,0,0,0,0,0,1
0,0,0,0,0,1,0
0,0,0,0,0,0,0
0,1,0,0,0,0,0
0,1,0,0,0,0,0
1,0,0,0,0,0,0
0,0,0,0,0,0,0
0,0,0,0,0,0,0
0,0,0,0,0,0,1
1,0,0,0,1,0,0
0,0,0,0,0,0,1
0,1,0,0,0,0,0
0,0,0,0,0,0,0
1,0,0,0,0,0,1
0,0,0,0,0,0,0
0,1,0,0,0,0,1
0,0,0,0,0,0,1
0,1,0,0,0,0,0
0,0,0,0,0,0,0
0,0,0,0,0,0,0
0,0,0,0,0,0,1
0,1,0,0,0,0,0
0,0,0,1,0,0,1
0,0,0,0,0,0,1
0,1,0,0,0,0,0
0,0,0,0,0,0,1
0,0,0,0,0,0,1
0,1,0,0,0,0,0
0,0,0,0,0,0,1
0,0,0,0,0,0,0
0,0,0,0,0,0,0
0,0,0,0,0,0,0
0,1,0,0,0,0,0
0,1,0,0,0,0,0
0,1,0,0,0,0,0
0,0,0,0,0,0,1
0,1,0,0,0,0,0
0,0,0,0,0,1,0
0,0,0,0,0,0,1
0,0,0,0,0,0,0
0,0,0,0,0,0,1
0,0,1,0,0,0,0
0,0,0,1,0,0,0
0,0,0,0,0,0,0
0,0,0,1,0,0,0
1,0,0,0,1,0,0
1,0,0,0,0,0,0
0,0,0,0,0,0,0
0,0,0,0,1,0,0
0,0,0,0,0,0,0
0,0,0,0,0,0,1
0,0,0,0,0,0,1
0,0,0,0,0,0,0
0,1,0,0,0,0,0
0,0,0,1,0,0,0
0,1,0,0,0,0,0
0,0,0,0,0,0,0
0,0,0,0,0,0,0
1,0,0,0,0,0,0
0,0,0,0,0,0,1
0,0,0,1,0,0,1
0,1,0,0,0,0,0
0,0,0,0,0,1,0
1,0,0,0,0,0,0
0,0,0,1,0,0,0
0,0,0,1,0,0,0
0,1,0,0,0,0,0
0,0,0,0,0,0,0
0,0,0,1,0,0,0
0,0,0,1,0,0,0
0,0,0,0,0,0,1
0,0,0,0,0,0,1
0,0,0,1,0,0,0
0,0,0,0,0,0,0
1,0,0,0,0,0,0
0,1,0,0,0,0,0
0,0,0,0,1,0,0
0,0,0,0,0,0,0
0,0,0,0,0,0,1
0,0,0,0,1,0,0
0,0,0,1,0,0,1
0,0,0,0,0,0,1
0,0,0,0,0,0,1
1,0,0,0,0,0,0
0,0,0,0,0,0,0
0,1,0,0,0,0,0
0,0,0,0,0,0,1
0,0,0,1,0,0,0
0,1,0,0,0,0,0
0,1,0,0,0,0,0
1,0,0,0,0,0,0
0,0,0,0,0,0,0
0,0,0,0,0,0,0
1,0,0,0,0,0,0
0,0,0,0,0,0,1
0,0,0,0,0,0,1
0,0,0,1,0,0,0
1,0,0,0,0,0,1
0,0,0,0,0,0,1
0,0,0,0,1,0,0
0,1,0,0,0,0,0
0,0,0,0,0,0,0
0,0,0,1,0,0,0
1,0,0,0,0,0,0
0,0,0,0,0,0,1
0,0,0,0,0,0,0
0,0,0,0,0,0,1
0,0,0,0,0,0,1
0,0,0,0,1,0,0
0,0,0,0,0,0,0
0,0,0,0,0,0,0
0,1,0,0,0,0,0
0,0,0,0,1,0,0
0,0,0,1,0,0,0
0,0,0,0,0,0,1
0,0,0,1,0,0,0
0,0,0,0,0,0,0
0,1,0,0,0,0,0
0,0,0,1,0,0,0
0,0,0,0,1,0,0
0,0,0,0,0,0,0
0,0,0,0,0,0,1
1,0,0,0,0,0,0
0,0,0,0,0,0,0
1,0,0,0,0,0,0
0,0,0,0,0,0,0
0,0,0,1,0,0,0
0,1,0,0,0,0,0
0,1,0,0,0,0,0
0,0,0,0,0,0,0
0,0,0,0,0,0,0
0,1,0,0,0,0,1
0,0,0,0,0,0,0
0,0,0,0,0,0,1
0,0,0,0,0,0,1
0,0,0,0,0,0,0
0,1,0,0,0,0,0
1,0,0,0,0,0,1
1,0,0,0,0,0,0
1,0,0,0,0,0,0
0,0,0,0,0,0,1
0,1,0,0,0,0,0
0,1,0,0,0,0,0
0,0,0,0,0,0,1
0,0,0,0,0,0,1
1,0,0,0,0,0,0
0,0,0,0,0,0,0
1,0,0,0,0,0,0
0,0,0,1,0,0,0
0,0,0,0,0,0,0
0,0,0,0,0,0,0
0,1,0,0,0,0,0
0,0,0,0,0,0,1
0,0,0,0,0,1,0
1,0,0,0,0,0,0
0,0,0,0,0,0,1
0,0,0,0,0,0,0
0,0,0,0,0,0,0
0,0,0,1,0,0,0
0,0,0,0,0,0,1
0,1,0,0,0,0,0
1,0,0,0,0,0,0
0,0,0,0,1,0,0
0,0,0,0,0,0,1
0,0,0,0,0,0,1
0,0,0,0,0,0,0
0,0,0,0,0,0,1
1,0,0,0,0,0,0
1,0,0,0,0,0,0
1,0,0,0,0,0,0
0,1,0,0,0,0,0
0,1,0,0,0,0,0
0,0,0,1,0,0,0
0,0,0,0,0,0,1
0,1,0,0,0,0,0
0,0,0,1,0,0,0
0,1,0,0,0,0,0
0,0,0,0,0,1,0
0,0,0,0,0,0,0
1,0,0,0,0,0,0
0,1,0,0,0,0,1
0,0,0,0,0,0,0
0,0,0,0,0,0,0
0,0,0,0,1,0,0
0,0,0,1,0,0,0
0,0,0,0,0,0,0
0,0,0,0,0,1,0
0,0,0,1,0,0,1
1,0,0,0,1,0,0
0,0,0,0,0,0,0
0,0,1,0,0,0,0
0,0,0,0,0,0,1
0,0,0,1,0,0,1
0,0,0,0,0,0,1
0,0,0,0,0,0,0
0,1,0,0,0,0,0
0,0,1,0,0,0,0
0,0,0,0,0,0,0
0,1,0,0,0,0,0
1,0,0,0,0,0,0
0,0,0,0,0,0,1
1,0,0,0,0,0,0
0,1,0,0,0,0,0
0,0,0,0,0,0,0
0,0,0,0,0,0,1
0,0,0,0,0,0,0
1,0,0,0,0,0,0
1,0,0,0,0,0,0
1,0,0,0,0,0,0
0,1,0,0,0,0,0
0,0,0,0,0,0,0
0,0,0,0,0,0,1
1,0,0,0,0,0,0
1,0,0,0,0,0,0
1,0,0,0,0,0,0
0,0,0,0,0,0,1
0,0,0,0,1,0,0
0,0,0,0,0,0,1
0,0,0,1,0,0,1
0,0,0,0,0,0,1
0,0,0,0,0,0,1
0,0,0,0,0,0,0
0,0,0,0,0,0,1
0,1,0,0,0,0,0
0,1,0,0,0,0,0
0,0,0,0,0,0,0
0,0,1,0,1,0,0
0,0,0,0,0,0,1
0,0,0,0,0,0,1
0,0,0,0,0,0,1
0,0,0,0,0,0,1
0,0,0,0,0,0,1
1,0,0,0,0,0,0
0,0,0,0,0,0,0
1,0,0,0,0,0,0
0,0,0,0,0,1,0
0,0,0,0,0,0,0
0,0,0,0,0,0,1
1,0,0,0,0,0,0
0,1,0,0,0,0,0
0,0,0,1,0,0,0
0,0,0,0,0,0,1
0,1,0,0,0,0,0
1,0,0,0,0,0,0
1,0,0,0,0,0,0
0,0,0,0,1,0,0
0,0,0,0,1,0,0
1,0,0,0,0,0,0
0,0,0,0,0,0,0
1,0,0,0,0,0,0
0,1,0,0,0,0,0
1,0,0,0,0,0,0
0,0,0,0,0,0,1
0,0,0,0,0,0,1
0,0,0,0,0,0,1
0,0,0,0,0,0,0
0,0,0,0,0,0,0
1,0,0,0,0,0,0
1,0,0,0,0,0,0
0,0,0,0,1,0,0
0,0,0,0,0,0,0
0,1,0,0,0,0,0
0,1,0,0,0,0,0
0,0,0,0,0,0,0
0,1,0,0,0,0,0
0,0,0,0,0,1,0
0,0,0,0,0,0,0
0,0,0,0,0,0,1
0,0,0,0,0,0,1
0,1,0,0,0,0,0
0,0,0,0,0,0,1
1,0,0,0,0,0,0
0,0,0,0,0,0,0
0,0,0,0,0,1,0
0,0,0,0,1,0,0
0,1,0,0,0,0,0
0,1,0,0,0,0,0
0,0,0,0,0,0,1
0,0,0,1,0,0,0
0,0,0,0,0,0,1
0,0,0,0,0,0,0
0,0,0,0,1,0,0
0,0,0,0,0,0,0
0,0,0,0,0,0,0
0,0,0,0,0,0,0
1,0,0,0,0,0,0
1,0,0,0,0,0,0
0,1,0,0,0,0,0
0,0,0,0,0,0,1
0,0,0,0,0,0,0
0,0,0,0,0,0,0
0,1,0,0,0,0,0
0,0,0,0,0,0,0
0,0,0,0,0,0,1
0,0,0,0,0,0,1
0,0,0,0,0,0,1
0,1,0,0,0,0,0
0,0,0,0,0,0,1
0,0,0,0,0,0,0
1,0,0,0,0,0,0
0,0,0,0,0,0,0
1,0,0,0,0,0,0
0,0,0,0,0,0,1
0,0,0,0,0,0,1
0,1,0,0,0,0,0
1,0,0,0,0,0,0
0,0,0,1,0,0,0
1,0,0,0,0,0,0
0,0,0,0,0,0,0
0,0,0,0,0,0,1
0,0,0,1,0,0,0
0,0,0,0,0,0,1
0,0,0,0,0,0,1
0,0,0,0,0,0,0
0,0,0,0,0,0,1
0,0,0,0,0,0,1
0,0,0,0,0,0,0
0,0,0,0,0,0,0
0,0,0,0,0,0,0
0,1,0,0,0,0,0
0,0,0,0,0,0,0
0,1,0,0,0,0,0
0,0,0,0,0,0,0
0,0,0,0,0,0,1
0,0,0,1,0,0,0
0,0,0,0,0,1,0
0,0,0,0,0,0,0
0,0,0,1,0,0,0
0,0,0,0,0,0,1
0,0,0,0,0,1,0
0,1,0,0,0,0,0
0,1,0,0,0,0,0
0,0,0,0,0,0,0
0,0,0,0,0,0,0
0,0,0,0,0,0,1
0,1,0,0,0,0,0
0,0,0,1,0,0,1
0,0,0,1,0,0,1
0,1,0,0,0,0,0
0,0,0,0,0,0,0
0,1,0,0,0,0,0
0,0,0,1,0,0,0
0,1,0,0,0,0,0
0,0,0,1,0,0,0
0,0,0,0,0,0,1
1,0,0,0,0,0,0
0,0,0,0,0,0,0
0,1,0,0,0,0,0
0,0,0,0,0,0,0
0,0,0,0,0,0,1
0,0,0,0,0,0,1
0,0,0,0,0,0,0
1,0,0,0,0,0,0
0,0,0,0,0,0,1
0,1,0,0,0,0,0
0,0,0,0,0,0,0
0,1,0,0,0,0,0
0,0,0,0,0,1,0
0,0,0,0,0,0,1
0,0,0,0,0,0,1
1,0,0,0,0,0,0
0,1,0,0,0,0,0
0,0,0,0,0,0,0
0,0,0,0,0,0,1
0,0,0,0,0,0,1
0,1,0,0,0,0,0
0,0,1,0,0,0,0
0,0,0,0,0,0,1
0,0,0,0,0,0,0
1,0,0,0,0,0,0
0,0,0,0,0,1,0
0,0,0,0,0,0,0
1,0,0,0,0,0,0
0,0,0,0,0,0,1
0,0,0,0,0,0,0
0,0,0,0,0,0,1
0,0,0,0,0,0,0
1,0,0,0,0,0,0
0,0,0,0,0,0,1
0,0,0,0,0,0,0
0,0,0,0,0,0,0
1,0,0,0,0,0,0
0,0,0,0,0,0,1
0,0,0,0,0,0,0
0,0,0,0,0,0,1
0,0,0,0,0,0,1
0,0,0,1,0,0,0
0,1,0,0,0,0,0
0,1,0,0,0,0,0
0,1,0,0,0,0,0
0,0,1,0,0,0,0
0,0,0,0,0,0,1
0,0,0,0,0,0,1
0,1,0,0,0,0,0
0,0,0,0,0,0,0
0,0,0,0,0,0,0
0,0,0,0,0,1,0
0,0,0,0,0,0,1
0,1,0,0,0,0,0
0,0,0,1,0,0,0
1,0,0,0,0,0,1
0,0,0,0,0,0,1
0,0,0,0,0,0,0
0,0,0,0,0,1,0
0,0,0,0,0,0,0
0,0,0,0,1,0,0
0,0,0,0,0,0,0
0,0,0,0,0,0,1
1,0,0,0,0,0,1
0,0,0,0,0,0,1
0,0,0,0,0,0,1
0,0,0,0,0,0,0
0,0,0,0,0,0,1
0,0,0,1,0,0,1
0,0,0,0,0,0,0
0,0,0,0,0,0,1
0,1,0,0,0,0,0
1,0,0,0,0,0,0
0,0,0,0,1,0,0
1,0,0,0,0,0,0
0,0,0,0,0,0,0
1,0,0,0,0,0,0
0,1,0,0,0,0,0
0,0,0,0,0,0,0
0,0,0,0,0,0,0
0,0,0,0,0,0,1
0,0,0,0,0,0,0
0,0,0,0,0,0,0
0,1,0,0,0,0,0
0,0,0,0,0,0,1
1,0,0,0,0,0,0
1,0,0,0,0,0,0
0,1,0,0,0,0,0
0,0,0,0,0,0,0
1,0,0,0,0,0,0
0,0,0,0,0,1,0
0,0,0,0,0,0,0
0,1,0,0,0,0,0
0,1,0,0,0,0,0
0,0,0,0,0,0,0
1,0,0,0,0,0,0
0,0,0,1,0,0,0
0,0,0,0,0,0,0
1,0,0,0,0,0,0
0,0,0,0,0,0,1
0,0,0,1,0,0,0
0,0,0,0,0,0,1
0,0,0,0,0,0,0
0,1,0,0,0,0,0
0,0,0,0,0,0,0
0,0,0,0,0,0,1
0,0,0,1,0,0,0
0,0,0,1,0,0,0
0,0,0,0,0,0,0
0,1,0,0,0,0,0
0,0,0,0,0,0,0
0,0,0,0,0,0,0
0,0,0,0,0,0,1
0,0,0,0,0,0,0
0,1,0,0,0,0,0
0,0,0,0,0,0,1
0,0,0,1,0,0,0
1,0,0,0,1,0,0
0,1,0,0,0,0,0
0,0,0,0,1,0,0
1,0,0,0,0,0,0
0,0,0,0,0,1,0
0,0,0,1,0,0,0
0,0,0,0,1,0,0
0,0,0,1,0,0,1
0,1,0,0,0,0,0
0,0,0,0,0,0,0
1,0,0,0,0,0,0
0,0,0,0,0,0,1
0,1,0,0,0,0,0
0,0,0,0,0,0,0
0,1,0,0,0,0,0
1,0,0,0,0,0,0
0,0,0,0,0,0,0
0,1,0,0,0,1,0
0,0,0,0,0,0,0
1,0,0,0,0,0,0
0,1,0,0,0,0,0
0,0,0,0,0,0,1
0,0,1,0,0,0,1
0,0,0,0,0,0,1
0,0,0,0,0,0,0
0,0,0,0,0,0,0
0,0,0,0,0,0,0
0,0,0,0,0,0,1
0,0,0,1,0,0,0
0,1,0,0,0,0,0
0,0,0,0,0,0,0
0,0,0,0,0,0,1
0,1,0,0,0,0,0
0,0,0,0,0,0,1
0,0,0,0,0,0,0
0,0,0,0,0,0,0
0,1,0,0,0,0,0
0,1,0,0,0,0,0
0,0,0,0,0,1,0
0,0,0,0,0,0,1
0,0,0,0,0,0,1
0,0,0,0,0,0,0
0,0,0,0,0,0,1
1,0,0,0,0,0,0
0,1,0,0,0,0,0
0,0,0,0,0,0,1
0,0,0,0,1,0,0
1,0,0,0,0,0,0
0,0,0,0,0,0,1
0,0,0,0,0,0,1
0,0,0,0,0,0,0
0,0,0,1,0,0,1
0,0,0,0,0,0,0
1,0,0,0,1,0,0
0,0,0,0,0,0,0
0,0,0,0,0,0,0
0,1,0,0,0,0,0
0,0,0,0,0,0,1
0,0,0,0,0,0,0
1,0,0,1,0,0,0
0,0,0,0,0,0,0
0,0,0,0,0,0,0
0,0,0,0,0,0,0
0,0,0,1,0,0,0
0,0,0,0,0,0,1
0,1,0,0,0,0,0
0,0,0,0,0,0,1
0,0,0,0,0,0,0
0,0,0,0,0,1,0
0,1,0,0,0,0,0
0,0,0,0,0,0,0
0,0,0,0,0,0,0
0,0,0,1,0,0,1
0,0,0,0,0,0,1
0,0,0,0,0,0,1
1,0,0,0,0,0,0
0,0,1,0,0,0,0
0,0,0,0,0,0,0
0,0,0,0,0,0,0
0,1,0,0,0,0,0
0,0,0,0,0,0,1
0,0,0,0,0,0,1
0,1,0,0,0,0,0
0,0,0,0,0,0,0
0,0,0,0,0,0,1
0,0,0,0,0,0,1
0,0,0,0,0,0,0
0,0,0,0,0,1,0
0,1,0,0,0,0,0
1,0,0,0,0,0,0
0,0,0,0,0,0,0
0,0,0,0,0,0,0
1,0,0,0,0,0,0
0,0,0,0,0,0,0
0,0,0,0,0,0,0
1,0,0,0,0,0,0
0,0,0,0,0,0,1
0,0,0,0,0,0,0
0,0,0,0,0,0,0
0,1,0,0,0,0,0
0,1,0,0,0,0,0
1,0,0,0,0,0,0
0,1,0,0,0,0,0
1,0,0,0,0,0,0
0,0,0,0,0,0,0
0,0,0,0,0,0,0
0,0,0,0,0,0,1
0,1,0,0,0,0,0
1,0,0,0,0,0,0
0,0,1,0,0,0,0
1,0,0,0,0,0,0
0,0,0,0,0,0,1
0,1,0,0,0,0,0
1,0,0,0,0,0,0
0,0,0,0,0,0,0
0,1,0,0,0,0,0
0,0,0,0,0,0,0
0,0,0,0,0,0,0
0,1,0,0,0,0,0
0,0,0,1,0,0,0
0,0,0,1,0,0,1
0,0,0,0,0,0,0
1,0,0,0,0,0,0
0,0,0,1,0,0,0
0,0,0,1,0,0,0
0,0,0,1,0,0,0
0,0,0,0,0,0,1
1,0,0,0,0,0,0
0,1,0,0,0,0,0
0,1,0,0,0,0,0
0,0,0,0,1,0,0
0,0,0,0,0,0,0
0,0,0,0,0,1,0
0,0,0,0,0,0,1
0,0,0,0,0,0,1
1,0,0,0,0,0,1
0,0,0,0,0,0,1
0,1,0,0,0,0,0
1,0,0,0,0,0,0
0,0,0,1,0,0,0
0,0,0,0,0,0,0
0,0,0,0,0,0,0
0,0,0,0,0,0,1
0,0,0,0,0,0,1
0,0,0,0,0,0,1
1,0,0,0,0,0,0
0,0,0,0,0,0,0
0,0,0,0,0,0,0
0,0,0,0,0,0,1
0,0,0,0,0,0,0
0,0,0,0,0,0,0
0,0,0,0,0,0,0
0,0,0,1,0,0,0
0,1,0,0,0,1,0
1,0,0,0,0,0,0
0,0,0,0,0,0,0
0,0,0,0,0,0,1
0,0,0,0,0,0,1
0,0,0,0,0,0,0
0,0,0,0,0,1,0
0,0,0,0,0,0,1
0,0,0,0,0,0,0
0,0,0,1,0,0,0
1,0,0,0,0,0,0
0,0,0,0,0,0,0
0,1,0,0,0,0,0
0,0,0,1,0,0,0
0,1,0,0,0,0,0
1,0,0,0,0,0,0
0,0,0,0,0,0,1
0,0,0,0,0,0,0
0,0,0,0,0,0,0
0,0,0,0,0,0,0
0,0,0,0,0,0,1
0,0,0,0,0,0,0
0,0,0,1,0,0,0
0,1,0,0,0,0,0
0,1,0,0,0,0,0
0,1,0,0,0,0,0
1,0,0,0,0,0,0
0,0,0,0,0,0,0
1,0,0,0,0,0,0
0,0,0,0,0,0,1
0,0,0,0,0,1,0
0,0,0,0,0,0,0
0,0,0,0,1,0,0
0,1,0,0,0,0,0
0,1,0,0,0,0,0
0,0,0,0,0,0,1
0,1,0,0,0,0,0
0,1,0,0,0,0,0
1,0,0,0,0,0,0
0,0,0,0,0,0,0
0,1,0,0,0,0,0
0,1,0,0,0,0,0
0,0,0,0,0,0,0
0,0,0,1,0,0,0
0,0,0,0,0,0,0
0,0,0,0,0,0,1
0,0,0,0,0,0,1
0,0,0,1,0,0,0
0,1,0,0,0,0,0
0,1,0,0,0,0,0
0,0,0,0,0,0,1
0,0,0,0,0,0,0
0,0,0,0,0,0,0
0,0,0,0,0,0,0
0,0,0,0,0,0,1
0,0,0,0,1,0,0
1,0,0,0,1,0,0
0,1,0,0,0,0,0
0,0,0,1,0,0,0
0,0,0,0,0,0,0
1,0,0,0,0,0,0
0,0,0,0,0,0,0
0,0,0,0,0,0,1
0,0,0,0,0,0,0
1,0,0,0,0,0,1
0,1,0,0,0,0,0
0,0,0,0,0,0,1
0,0,0,0,0,0,0
0,0,0,0,0,0,1
0,1,0,0,0,0,0
0,1,0,0,0,0,0
0,0,0,0,0,0,1
0,0,0,0,0,0,0
0,0,0,0,0,0,0
0,0,0,0,0,0,0
0,1,0,0,0,0,0
0,0,0,0,0,0,0
1,0,0,0,0,0,0
0,1,0,0,0,0,0
0,1,0,0,0,0,0
0,1,0,0,0,0,0
0,0,0,0,0,0,0
0,0,0,0,0,0,1
1,0,0,0,0,0,0
0,0,0,1,0,0,1
0,1,0,0,0,0,0
0,0,0,0,0,0,0
0,0,0,0,0,0,1
0,0,0,0,0,0,1
0,0,0,0,0,0,0
0,0,0,0,0,0,1
0,0,0,0,0,0,0
0,0,0,1,0,0,1
1,0,0,0,0,0,0
0,1,0,0,0,0,0
0,0,0,0,0,0,1
0,0,0,0,1,0,0
0,0,0,0,0,0,0
0,0,0,0,0,0,0
0,1,0,0,0,0,0
1,0,0,0,0,0,0
0,0,0,0,0,0,1
0,0,0,0,0,0,0
0,0,0,0,0,0,0
0,0,0,1,0,0,0
0,1,0,0,0,0,0
0,0,0,0,0,0,1
0,1,0,0,0,0,0
0,0,0,0,0,0,0
0,0,0,0,0,0,1
0,0,0,0,0,0,0
0,0,0,0,0,0,0
0,0,0,0,0,0,0
0,0,0,0,0,0,1
0,0,0,0,0,0,1
1,0,0,0,0,0,0
1,0,1,0,0,0,0
0,0,0,0,0,0,0
0,0,0,1,0,0,0
0,0,0,0,0,0,0
0,0,0,0,0,0,1
0,0,0,0,0,0,1
0,0,0,0,0,0,1
0,1,0,0,0,0,0
0,0,0,0,0,0,0
1,0,0,0,0,0,0
0,1,0,0,0,0,0
0,0,0,1,0,0,0
0,0,0,0,0,0,0
1,0,0,0,0,0,0
0,0,0,1,0,0,0
1,0,0,0,0,0,0
0,0,0,0,0,0,1
0,1,0,0,0,0,0
0,0,0,0,0,0,1
0,0,0,0,1,0,0
0,0,0,0,0,0,1
0,0,0,0,0,0,1
1,0,0,0,0,0,0
1,0,0,0,0,0,0
0,0,0,0,0,1,0
0,0,0,0,0,0,0
0,0,0,0,0,0,0
1,0,0,0,0,0,0
0,1,0,0,0,0,0
1,0,0,0,0,0,0
0,0,0,0,0,0,1
0,1,0,0,0,0,0
0,1,0,0,0,0,0
0,0,0,0,0,0,1
0,0,0,0,0,1,0
0,0,0,0,0,0,1
0,0,0,0,0,0,0
0,0,0,0,0,0,0
0,0,0,0,0,0,0
1,0,0,0,0,0,0
0,1,0,0,0,0,0
0,0,0,0,0,0,1
0,1,0,0,0,0,0
0,0,0,0,0,0,0
0,0,0,0,0,0,1
0,1,0,0,0,0,0
1,0,0,0,0,0,0
0,0,0,1,0,0,0
0,1,0,0,0,0,0
0,1,0,0,0,0,0
0,1,0,0,0,0,0
0,0,0,1,0,0,0
0,0,0,0,0,0,0
0,0,0,0,0,0,1
0,0,1,0,0,0,1
0,0,0,0,0,0,0
0,0,0,0,0,0,0
0,0,0,0,0,0,0
0,0,1,0,0,0,0
0,1,0,0,0,0,0
0,0,0,1,0,0,0
0,1,0,0,0,0,1
0,1,0,0,0,0,0
0,0,0,0,0,0,0
0,0,0,0,0,0,1
0,0,0,0,0,0,0
0,0,0,0,0,0,0
1,0,0,0,1,0,0
0,0,0,0,0,0,1
0,0,0,0,0,0,0
0,0,0,0,0,0,0
0,0,0,0,0,0,1
0,0,0,0,0,0,1
0,0,0,0,0,0,0
1,0,0,0,0,0,0
0,0,0,0,0,0,0
0,0,0,0,0,0,0
0,0,0,0,0,0,0
0,0,0,0,0,0,0
0,0,0,0,0,0,0
1,0,0,0,0,0,0
0,0,0,0,0,0,0
0,0,0,1,0,0,1
0,0,0,0,0,0,1
0,0,0,0,0,0,0
1,0,0,0,0,0,0
1,0,0,0,1,0,0
0,0,0,0,0,0,1
0,0,0,0,0,0,0
0,0,0,0,0,0,0
0,0,0,0,0,0,1
0,0,0,0,0,0,1
1,0,0,0,0,0,0
0,0,0,0,0,0,0
0,0,0,0,0,0,1
0,0,0,0,0,0,0
0,0,0,0,0,0,1
0,0,0,0,0,0,0
0,0,0,0,0,0,0
1,0,0,0,0,0,0
0,0,0,1,0,0,1
0,0,0,0,1,0,0
0,1,0,0,0,0,0
0,0,0,0,0,0,1
1,0,0,0,0,0,0
1,0,0,0,0,0,0
0,0,0,1,0,0,0
0,1,0,0,0,0,0
0,0,0,0,0,0,1
0,0,0,1,0,0,0
0,0,0,0,0,0,0
1,0,0,0,0,0,0
0,0,0,0,0,0,0
0,0,0,1,0,0,0
0,0,0,1,0,0,1
0,0,0,0,0,0,0
0,0,0,1,0,0,0
0,0,0,0,0,0,0
0,0,0,0,1,0,0
1,0,0,0,0,0,0
0,0,0,0,0,1,0
0,0,0,0,0,0,1
0,0,0,0,0,0,1
0,0,0,0,0,0,0
0,1,0,0,0,0,0
1,0,0,0,1,0,0
1,0,0,0,0,0,0
0,1,0,0,0,0,0
0,0,0,0,0,0,1
0,0,0,0,0,0,1
0,1,0,0,0,0,0
1,0,0,0,0,0,0
0,0,0,0,0,0,0
0,0,0,0,0,0,0
0,1,0,0,0,0,1
0,0,0,0,0,0,1
0,1,0,0,0,0,0
0,1,0,0,0,0,0
0,0,0,0,0,0,0
0,0,0,0,1,0,0
0,0,0,0,0,0,1
0,0,0,0,0,1,0
0,0,0,0,0,0,1
0,0,0,0,0,0,1
0,0,0,0,0,0,1
1,0,0,0,0,0,0
0,0,0,0,0,0,1
0,0,0,0,1,0,0
0,1,0,0,0,0,0
0,0,0,0,0,0,0
0,0,0,0,0,0,1
0,0,0,0,0,0,1
0,0,0,1,0,0,0
0,0,0,0,0,0,0
0,0,0,0,0,0,1
0,0,0,0,0,0,0
1,0,0,0,0,0,0
0,0,0,1,0,0,0
0,0,0,1,0,0,0
0,1,0,0,0,0,0
1,0,0,0,0,0,0
1,0,0,0,0,0,0
0,0,0,0,0,0,0
0,0,0,0,0,0,0
0,1,0,0,0,0,0
0,1,0,0,0,0,0
1,0,0,0,0,0,0
0,1,0,0,0,0,0
0,0,0,0,0,0,0
0,0,0,0,0,0,1
1,0,0,0,0,0,0
0,0,0,0,0,0,0
0,0,0,1,0,0,0
0,0,0,0,0,0,0
0,0,0,0,0,0,1
0,0,0,0,1,0,0
0,1,0,0,0,0,0
0,1,0,0,0,1,0
0,0,0,0,0,0,0
1,0,0,0,0,0,0
0,1,0,0,0,0,0
0,0,0,0,0,0,1
1,0,0,0,0,0,0
1,0,0,0,1,0,0
0,0,0,1,0,0,0
0,0,0,1,0,0,0
0,1,0,0,0,0,0
0,0,0,0,0,0,1
0,0,0,0,0,0,1
0,0,0,0,0,0,0
0,1,0,0,0,0,0
0,0,0,0,0,0,0
1,0,0,0,0,0,0
0,0,0,0,0,0,1
0,1,0,0,0,0,0
0,0,0,0,0,0,0
0,0,0,0,1,0,0
0,0,0,0,0,0,0
1,0,0,0,0,0,0
0,0,0,0,0,0,0
0,1,0,0,0,0,0
0,0,0,0,0,0,0
0,0,0,0,0,0,1
0,0,0,0,0,0,0
0,0,0,0,0,0,1
1,0,0,0,0,0,0
1,0,0,0,0,0,0
0,0,0,0,0,0,0
0,0,0,0,0,0,0
0,1,0,0,0,0,0
0,0,0,0,0,0,1
1,0,0,0,0,0,0
0,0,0,0,0,1,0
1,0,0,0,0,0,0
0,1,0,0,0,0,0
0,0,0,0,0,0,1
0,0,0,0,0,0,0
0,0,0,0,0,0,0
0,1,0,0,0,1,0
0,0,0,0,0,0,0
0,0,0,1,0,0,0
0,1,0,0,0,0,0
1,0,0,0,0,0,0
1,0,0,0,0,0,0
1,0,0,0,0,0,0
0,0,0,0,0,0,0
0,0,0,0,0,0,1
0,0,0,0,0,0,0
0,0,0,0,0,0,1
0,0,0,0,0,0,0
1,0,0,0,0,0,0
0,1,0,0,0,0,0
0,0,0,0,0,0,0
0,0,0,0,0,0,0
0,1,0,0,0,0,0
0,0,0,0,0,0,0
0,0,0,1,0,0,1
0,1,0,0,0,0,0
0,0,0,0,0,1,0
0,1,0,0,0,0,0
0,0,0,1,0,0,0
0,0,0,0,0,0,0
0,0,0,0,0,0,1
0,0,0,1,0,0,0
0,1,0,0,0,0,0
0,1,0,0,0,0,0
0,0,0,0,1,0,0
1,0,0,0,0,0,0
0,1,0,0,0,0,0
1,0,0,0,0,0,0
0,0,0,0,0,0,0
0,1,0,0,0,0,0
0,1,0,0,0,0,0
1,0,0,0,0,0,0
0,1,0,0,0,0,0
0,1,1,0,0,0,0
0,1,0,0,0,0,0
1,0,0,1,0,0,0
0,1,0,0,0,0,0
0,0,0,0,0,0,0
1,0,0,0,0,0,0
1,0,0,0,0,0,0
1,0,0,0,0,0,0
0,0,0,0,0,0,1
0,0,0,0,0,0,0
0,0,0,0,0,0,1
0,0,0,0,0,0,1
0,0,0,1,0,0,0
0,0,0,1,0,0,0
0,0,0,0,0,0,1
0,0,0,0,0,0,0
0,0,0,0,0,0,1
0,0,0,0,0,0,1
0,0,0,0,0,0,0
0,0,0,0,0,0,0
1,0,0,0,0,0,0
0,0,0,0,0,0,1
0,0,0,0,1,0,0
0,0,0,0,1,0,0
0,0,0,1,0,0,0
0,1,0,0,0,0,0
0,0,0,0,0,0,1
0,0,0,0,0,0,1
0,0,0,0,0,0,0
0,1,0,0,0,0,0
0,1,0,0,0,0,0
0,0,0,0,0,0,0
0,0,0,0,0,1,0
0,1,0,0,0,0,1
0,1,0,0,0,0,0
0,1,0,0,0,0,0
0,0,0,0,0,0,1
0,1,0,0,0,0,0
0,0,0,1,0,0,1
0,1,0,0,0,0,0
1,0,0,0,1,0,0
0,0,0,0,0,0,0
0,0,0,0,1,0,0
1,0,0,0,0,0,0
0,1,0,0,0,0,1
0,0,0,0,0,0,1
0,0,0,0,0,0,1
0,0,0,0,0,0,1
0,0,0,0,0,0,1
0,0,0,1,0,0,0
0,0,0,1,0,0,0
0,0,0,0,0,0,1
0,0,0,0,0,0,0
0,0,0,0,0,0,0
1,0,0,0,0,0,0
0,0,0,1,0,0,0
0,0,0,0,0,0,1
1,0,0,0,0,0,0
0,0,0,0,0,0,0
0,0,0,0,0,0,0
0,0,0,0,0,0,1
0,0,0,1,0,0,0
0,1,0,0,0,0,0
1,1,0,0,0,0,0
0,0,0,0,0,0,0
0,0,0,0,0,0,0
0,0,0,0,0,0,1
0,0,0,0,0,0,0
0,0,0,0,0,0,1
1,0,0,0,0,0,0
0,0,0,0,0,0,0
0,1,0,0,0,0,0
1,0,0,0,0,0,0
1,0,0,0,0,0,0
0,1,0,0,0,0,0
1,0,0,0,0,0,0
0,0,0,0,0,0,0
1,0,0,0,0,0,0
1,0,0,0,0,0,0
0,0,0,0,0,0,0
0,0,0,0,0,0,0
0,0,0,0,0,0,0
0,0,0,0,0,0,0
0,0,0,0,1,0,0
0,0,0,0,0,0,1
0,0,0,0,0,0,0
0,1,0,0,0,0,0
0,0,0,0,0,0,1
0,0,0,0,0,0,0
0,1,0,0,0,0,0
0,0,0,0,1,0,0
0,0,0,0,0,0,1
0,1,0,0,0,0,0
0,0,0,1,0,0,0
0,0,0,0,0,0,0
0,0,0,0,0,0,0
0,1,0,0,0,0,0
0,0,0,0,0,0,0
0,0,0,0,1,0,0
0,0,0,0,0,0,1
1,0,0,0,0,0,0
1,0,0,0,1,0,0
0,0,0,0,0,0,1
1,0,0,0,0,0,0
1,0,0,0,0,0,0
0,1,0,0,0,0,0
0,0,0,0,0,0,1
0,1,0,0,0,0,0
0,0,0,0,1,0,0
1,0,0,0,0,0,1
0,1,0,0,0,0,0
0,0,0,0,0,0,0
0,0,0,0,1,0,0
1,0,0,0,0,0,0
1,0,0,0,0,0,0
0,0,0,0,0,0,1
0,0,0,0,0,0,0
0,0,0,0,0,0,0
0,0,0,0,0,0,1
0,0,0,0,0,0,0
1,0,0,0,0,0,0
0,0,0,1,0,0,0
0,0,0,0,0,0,0
0,0,0,0,1,0,0
0,0,0,1,0,0,0
0,0,0,0,0,0,0
1,0,0,0,0,0,0
0,0,0,0,0,0,0
0,0,0,0,0,0,0
0,0,0,0,0,0,0
0,0,0,0,0,0,1
0,0,0,0,0,0,1
0,0,0,0,0,0,1
0,0,0,0,0,0,0
0,0,0,0,0,0,1
0,0,0,1,0,0,0
0,0,0,1,0,0,0
0,0,0,0,0,0,1
1,0,0,0,0,0,0
0,0,0,0,0,0,1
0,0,0,0,0,0,1
1,0,0,0,0,0,0
1,0,0,0,1,0,0
0,1,0,0,0,0,0
0,0,0,0,0,0,0
1,0,0,0,0,0,0
0,0,0,0,0,0,1
1,0,0,0,0,0,0
0,0,0,0,0,0,1
1,0,0,0,0,0,0
1,0,0,0,0,0,0
0,1,0,0,0,0,0
1,0,0,0,0,0,0
0,0,0,0,1,0,0
0,0,0,0,0,0,1
0,0,0,0,0,0,0
0,1,0,0,0,0,0
0,0,0,1,0,0,0
1,0,0,0,0,0,0
1,0,0,0,1,0,0
0,0,0,0,0,0,1
1,0,0,0,0,0,0
1,0,0,0,0,0,0
0,1,0,0,0,0,0
0,1,0,0,0,0,0
0,0,0,0,0,0,1
0,0,0,0,0,0,0
0,0,0,0,0,0,1
0,0,0,0,0,0,0
0,1,0,0,0,0,0
0,0,0,0,0,0,0
1,0,0,0,0,0,0
0,0,0,0,0,0,0
0,0,0,0,0,0,1
0,0,0,0,0,0,1
0,0,0,0,1,0,0
0,0,0,0,0,0,1
0,0,0,0,0,0,0
0,0,0,0,0,0,1
0,0,0,1,0,0,0
0,0,0,0,0,0,1
0,0,0,0,0,0,1
0,0,0,1,0,0,0
1,0,0,0,0,0,0
0,1,0,0,0,0,0
0,1,0,0,0,0,0
0,1,0,0,0,0,0
0,0,0,0,0,0,0
0,0,0,0,0,0,0
0,0,0,0,0,0,1
0,0,0,0,0,0,0
0,0,0,0,0,0,1
0,0,0,0,0,0,0
0,0,0,0,0,0,0
1,0,0,0,0,0,0
0,0,0,0,1,0,0
0,0,0,1,0,0,1
1,0,0,0,0,0,1
0,0,0,0,0,0,0
0,1,0,0,0,0,0
1,0,0,0,1,0,0
0,0,0,1,0,0,0
0,0,0,0,0,0,1
0,0,0,0,0,0,1
0,0,0,0,0,0,1
0,1,0,0,0,0,0
0,0,0,0,0,0,0
0,0,0,0,1,0,0
0,0,0,0,0,0,0
0,1,0,0,0,0,0
0,0,0,1,0,0,0
1,0,0,0,0,0,0
0,0,0,0,0,0,0
0,0,1,0,0,0,0
0,1,0,0,0,0,0
0,1,0,0,0,0,0
0,0,0,0,0,0,0
0,0,0,0,1,0,0
1,0,0,0,0,0,1
0,0,0,0,0,0,1
0,0,0,0,1,0,0
0,0,0,0,0,0,1
0,0,1,0,1,0,0
1,0,0,0,0,0,0
0,0,0,0,0,0,1
0,0,0,0,0,0,0
0,0,0,0,0,0,0
0,0,0,0,0,0,1
0,0,0,0,0,0,0
0,0,0,0,0,0,0
0,0,0,0,0,0,1
0,0,0,0,0,0,1
0,0,0,0,0,0,1
1,0,0,0,0,0,0
0,0,0,0,0,0,1
0,0,0,0,0,0,1
1,0,0,0,1,0,0
0,0,0,0,0,0,1
1,0,0,0,0,0,0
0,1,0,0,0,0,0
0,0,0,0,0,0,1
0,0,0,0,0,0,1
0,0,0,0,0,0,0
0,0,0,0,0,0,0
0,0,0,0,0,0,1
0,0,0,0,0,0,0
0,1,0,0,0,0,0
0,0,0,0,1,0,0
0,1,0,0,0,0,0
0,0,0,0,0,0,0
1,0,0,0,0,0,0
1,0,0,0,0,0,1
0,1,0,0,0,0,0
1,0,0,0,0,0,0
0,0,0,0,0,0,0
0,0,0,0,0,0,0
0,0,0,0,0,0,1
0,0,0,0,0,0,0
1,0,0,0,1,0,0
0,0,0,0,0,0,1
0,0,0,0,0,0,0
0,0,0,0,0,0,1
0,0,0,0,0,0,0
0,0,0,0,0,0,1
0,0,0,0,0,0,0
0,0,0,0,0,0,0
0,0,0,0,0,0,0
0,0,0,1,0,0,0
0,1,0,0,0,0,0
0,0,0,0,1,0,0
0,0,0,0,0,0,0
0,0,0,0,0,0,1
0,0,0,0,0,0,1
0,0,0,1,0,0,0
1,0,0,0,0,0,0
1,0,0,0,0,0,0
0,1,0,0,0,0,0
0,0,0,0,0,0,0
1,0,0,0,0,0,0
1,0,0,0,0,0,0
0,0,0,0,0,0,0
1,0,0,0,0,0,0
0,0,0,0,1,0,0
0,0,0,0,0,0,1
0,0,0,0,0,0,0
1,0,0,0,0,0,0
0,0,0,0,0,0,0
0,0,0,0,0,0,0
0,0,0,0,1,0,0
0,0,0,1,0,0,0
0,0,0,0,0,0,1
0,0,0,0,0,0,1
0,1,0,0,0,0,0
0,0,0,0,0,0,0
0,0,0,0,0,0,0
0,1,0,0,0,0,0
0,0,0,0,1,0,0
1,0,0,0,0,0,0
0,1,0,0,0,0,0
0,0,0,0,0,0,1
0,0,0,0,0,0,1
0,0,0,0,0,0,1
0,0,0,0,0,0,1
0,0,0,0,0,0,1
0,0,0,0,0,0,0
1,0,0,0,1,0,0
1,0,0,0,0,0,0
0,0,0,0,0,0,1
0,1,0,0,0,0,1
0,0,0,0,0,0,1
0,0,0,0,0,0,0
0,0,0,0,0,0,1
0,0,0,0,0,1,0
0,0,0,0,0,0,1
1,0,0,0,0,0,0
0,0,0,0,0,0,0
0,0,0,0,0,1,0
0,0,0,0,0,0,0
1,0,0,0,0,0,0
0,1,0,0,0,0,0
0,0,0,1,0,0,0
0,1,0,0,0,0,0
0,0,0,0,0,0,1
0,0,0,0,0,0,0
0,0,0,0,1,0,0
0,0,1,0,0,0,0
0,1,0,0,0,0,0
0,1,0,0,0,0,0
0,0,0,0,1,0,0
0,0,0,0,0,0,0
1,0,0,0,0,0,0
1,0,0,0,0,0,0
0,1,0,0,0,0,0
0,0,0,0,0,0,1
1,0,0,0,1,0,0
0,1,0,0,0,0,0
0,0,0,0,0,0,1
1,0,0,0,0,0,0
0,0,0,1,0,0,0
0,0,0,0,0,0,1
0,0,0,0,0,0,0
0,0,0,0,0,0,1
0,0,0,0,0,0,1
0,0,0,1,0,0,0
0,0,0,0,0,0,1
1,0,0,0,0,0,0
0,0,0,0,0,0,0
0,1,0,0,0,0,0
1,0,0,0,0,0,0
0,0,0,0,0,0,0
0,0,0,1,0,0,0
0,0,1,0,0,0,0
1,0,0,0,0,0,0
0,0,0,0,0,0,1
0,0,0,0,0,0,0
0,0,0,0,0,0,0
1,0,0,0,0,0,0
0,0,0,0,0,0,1
0,0,0,0,0,0,1
0,0,0,0,0,1,0
0,0,0,0,0,0,1
0,0,0,0,1,0,0
0,0,0,0,0,0,1
0,0,0,0,0,0,0
1,0,0,0,0,0,0
0,0,0,0,0,0,0
0,0,0,0,0,0,0
0,0,0,0,0,0,0
1,0,0,0,0,0,0
1,0,0,0,1,0,0
0,1,0,0,0,0,0
0,0,0,0,0,0,0
0,0,0,0,0,0,1
0,0,0,0,0,0,0
1,0,0,0,0,0,1
0,0,0,0,0,0,1
0,0,0,0,1,0,0
1,0,0,0,0,0,0
0,0,0,0,1,0,0
0,1,0,0,0,0,0
0,0,0,0,0,0,0
0,0,0,0,0,0,0
0,0,0,0,0,0,1
0,0,0,0,1,0,0
0,0,0,0,0,0,1
0,1,0,0,0,0,0
0,0,0,0,0,0,0
1,0,0,0,0,0,0
1,0,0,0,0,0,0
0,1,0,0,0,0,0
0,0,0,0,0,0,1
0,0,0,0,0,0,0
0,0,0,0,0,0,1
0,0,0,0,1,0,0
0,1,0,0,0,0,0
0,0,0,1,0,0,0
0,0,0,0,0,0,1
0,0,0,1,0,0,0
1,0,0,0,0,0,0
0,0,0,0,0,0,0
1,0,0,0,0,0,0
0,0,0,0,0,1,0
1,0,0,0,0,0,0
0,0,0,0,0,0,0
0,1,0,0,0,0,0
1,0,0,0,0,0,0
0,1,0,0,0,0,0
0,0,0,0,0,0,1
0,1,0,0,0,0,0
0,0,0,0,0,0,0
0,0,0,0,0,0,0
0,0,0,0,0,0,0
0,0,0,0,0,0,0
0,0,0,0,0,0,0
1,0,0,0,1,0,0
0,0,0,0,0,0,0
0,0,0,0,0,0,1
0,0,0,0,0,0,0
1,0,0,0,0,0,0
0,0,0,0,0,0,0
1,0,0,0,0,0,0
0,0,0,0,0,0,1
1,0,0,0,0,0,0
1,0,0,0,0,0,0
0,0,0,0,0,0,0
0,0,0,1,0,0,0
0,0,0,0,0,0,1
0,0,0,0,0,0,0
0,0,0,0,0,0,1
0,0,0,0,0,0,0
0,0,0,0,0,0,0
0,0,0,0,0,0,1
0,0,0,0,1,0,0
0,1,0,0,0,0,0
1,0,0,0,0,0,0
0,0,0,0,1,0,0
1,0,0,0,0,0,0
0,0,0,0,0,0,0
1,0,0,0,0,0,0
1,0,0,0,0,0,0
0,0,0,0,0,0,1
0,0,0,0,0,0,1
0,0,0,0,0,0,1
0,0,0,1,0,0,0
0,0,0,0,0,0,1
0,0,0,0,0,0,1
0,0,0,0,0,0,1
1,0,0,0,0,0,0
0,0,0,0,0,0,1
1,0,0,0,0,0,0
0,0,0,0,0,0,1
0,0,0,1,0,0,1
0,0,0,0,0,0,1
0,0,0,0,0,0,0
0,0,0,0,0,0,0
0,0,1,0,0,0,0
0,0,0,0,0,0,1
0,0,0,0,0,0,0
1,0,0,0,0,0,0
0,0,0,0,0,0,1
0,1,0,0,0,0,0
0,0,0,0,1,0,0
0,1,0,0,0,0,0
1,0,0,0,1,0,0
1,0,0,0,0,0,0
0,0,0,0,0,0,1
1,0,0,0,1,0,0
0,1,0,0,0,0,0
0,0,0,0,0,0,0
0,0,0,0,0,0,0
0,0,0,0,0,0,0
0,0,0,0,0,0,1
0,0,0,0,0,0,1
1,0,0,0,0,0,0
0,0,0,0,0,0,0
0,0,0,0,0,0,1
0,0,0,0,0,0,1
0,0,0,0,0,0,1
0,1,0,0,0,0,0
1,0,0,0,0,0,0
1,0,0,0,0,0,0
0,0,0,0,0,0,0
1,0,0,0,0,0,0
0,0,0,0,0,0,1
1,0,0,0,0,0,0
0,1,0,0,0,0,0
0,1,0,0,0,0,0
0,0,0,1,0,0,0
0,0,0,1,0,0,1
0,0,0,1,0,0,0
1,0,0,0,0,0,0
0,1,0,0,0,0,0
0,0,0,0,0,0,1
0,0,0,0,0,0,0
0,0,0,0,0,0,0
0,0,0,0,0,0,1
0,1,0,0,0,0,0
0,0,0,0,0,0,0
0,1,0,0,0,0,0
0,1,0,0,0,0,0
0,0,0,0,0,0,0
1,0,0,0,0,0,0
0,0,0,0,0,0,1
0,0,0,1,0,0,0
0,0,0,1,0,0,0
0,0,0,0,0,0,1
0,0,0,0,0,0,0
0,0,0,0,0,0,0
0,0,0,0,0,0,1
0,0,0,0,0,0,0
0,0,0,0,0,0,0
0,0,0,0,0,0,1
0,0,0,0,0,0,0
1,0,0,0,0,0,0
0,1,0,0,0,0,0
0,0,0,1,0,0,0
1,0,0,0,0,0,0
0,0,0,0,0,0,1
0,1,0,0,0,0,0
1,0,0,0,0,0,0
0,1,0,0,0,0,0
1,0,0,0,0,0,0
0,0,0,0,1,0,0
0,0,0,0,0,0,0
0,0,0,0,0,0,0
0,0,0,0,0,0,0
0,0,0,0,0,0,0
0,0,0,0,0,0,0
0,0,0,1,0,0,0
0,0,0,0,0,0,0
0,0,0,0,0,0,1
0,1,0,0,0,0,0
1,0,0,0,0,0,0
0,0,0,0,0,0,0
0,0,0,0,0,0,0
0,1,0,0,0,0,0
0,1,0,0,0,0,0
0,1,0,0,0,0,0
1,0,0,0,0,0,0
1,0,0,0,0,0,0
0,0,0,0,0,0,0
0,0,0,0,0,0,1
0,0,0,0,0,0,1
0,0,0,0,0,1,0
0,0,0,0,0,0,1
0,0,0,0,0,0,0
0,1,0,0,0,0,0
1,0,0,0,1,0,0
0,1,0,0,0,0,0
0,1,0,0,0,0,0
0,0,0,0,0,0,0
0,0,0,0,0,0,0
0,0,0,0,0,0,1
0,0,0,0,1,0,0
1,0,0,0,0,0,0
0,0,0,0,0,0,0
0,0,0,1,0,0,0
0,0,0,0,0,0,0
0,0,0,0,1,0,0
0,1,0,0,0,0,0
0,1,0,0,0,0,0
0,0,0,0,0,0,0
0,0,0,0,0,0,1
0,0,0,0,0,0,0
0,0,0,0,0,0,1
0,0,0,0,0,0,1
0,0,0,0,0,0,0
0,1,0,0,0,0,0
0,0,0,0,0,0,0
0,0,0,0,0,0,0
0,0,0,0,0,0,0
0,0,0,0,0,0,0
0,0,0,0,0,0,0
0,0,0,0,0,0,1
0,0,0,0,0,0,0
0,0,0,0,0,0,0
0,0,0,0,0,0,1
0,0,0,0,0,0,1
0,0,0,1,0,0,0
0,1,0,0,0,0,0
0,0,0,0,0,0,1
1,0,0,0,1,0,0
0,0,0,0,0,0,1
0,0,0,0,0,0,0
0,0,0,0,0,0,0
1,0,0,0,0,0,0
0,0,0,0,0,0,1
0,0,0,0,0,0,1
0,0,0,0,0,0,0
0,0,0,0,0,0,0
1,0,0,0,0,0,0
0,0,0,1,0,0,0
1,0,0,0,0,0,0
0,0,0,0,0,0,1
0,1,0,0,0,0,0
1,0,0,0,1,0,0
0,0,0,0,0,0,0
0,0,0,1,0,0,0
0,0,0,0,0,0,0
0,1,0,0,0,0,0
1,0,0,0,0,0,0
0,1,1,0,0,0,0
1,0,0,0,1,0,0
0,1,0,0,0,0,0
1,0,0,0,0,0,0
0,1,0,0,0,0,0
0,0,0,0,0,0,0
0,0,0,0,0,0,0
1,0,0,0,0,0,0
0,0,0,0,0,0,1
0,0,0,1,0,0,0
0,0,0,0,0,0,1
0,0,0,0,0,0,0
1,0,0,0,0,0,0
0,0,0,0,0,0,1
0,1,0,0,0,0,0
1,0,0,0,0,0,0
1,0,0,0,0,0,0
0,0,0,1,0,0,0
0,0,0,0,0,0,0
0,1,0,0,0,0,0
1,0,0,0,0,0,0
0,0,0,0,0,0,0
0,0,0,0,0,0,0
0,0,0,0,0,0,1
0,0,0,0,0,0,1
0,1,0,0,0,0,0
1,0,0,0,0,0,0
0,1,0,0,0,0,0
1,0,0,0,0,0,0
0,0,0,0,1,0,0
0,0,0,0,0,0,0
0,1,0,0,0,0,0
0,0,0,0,0,0,1
0,0,0,0,0,0,1
0,0,0,0,0,0,0
0,0,0,0,0,0,0
0,0,0,0,0,0,0
0,0,0,1,0,0,0
0,0,0,1,0,0,0
1,0,0,0,0,0,0
0,0,0,0,1,0,0
0,1,0,0,0,0,0
0,0,0,0,0,0,0
0,0,0,0,0,0,0
0,0,0,0,0,0,0
1,0,0,0,0,0,0
0,0,0,0,0,0,1
0,1,0,0,0,0,0
0,1,0,0,0,0,0
0,0,0,0,0,0,0
0,0,0,1,0,0,0
1,0,0,0,0,0,0
0,0,0,1,0,0,0
1,0,0,0,0,0,0
0,0,0,0,0,0,0
0,0,0,1,0,0,0
0,0,0,0,0,0,0
0,1,0,0,0,0,0
0,0,0,0,0,0,0
0,0,0,0,1,0,0
0,0,0,0,0,0,1
0,0,0,0,0,0,1
0,0,0,0,0,0,1
1,0,0,0,0,0,0
0,0,0,0,1,0,0
0,0,0,0,0,0,0
0,0,0,0,1,0,0
0,0,0,0,1,0,0
0,0,0,0,0,0,0
0,1,0,0,0,0,0
0,0,1,0,0,0,0
0,1,0,0,0,0,0
0,1,0,0,0,0,0
0,0,0,0,0,0,1
1,0,0,0,0,0,0
0,0,0,0,0,0,1
0,0,0,1,0,0,1
0,0,0,0,0,0,0
0,0,0,0,0,0,1
0,0,0,0,0,0,0
0,1,0,0,0,0,0
0,0,0,0,0,1,0
0,0,0,0,0,0,1
0,1,0,0,0,0,0
1,0,0,0,0,0,0
0,0,0,0,0,0,0
0,0,0,0,0,1,0
0,1,0,0,0,0,0
0,0,0,0,0,0,0
0,0,0,0,0,0,0
0,0,0,0,0,0,1
0,1,0,0,0,0,0
0,0,0,1,0,0,0
0,1,0,0,0,0,0
0,0,0,0,0,0,0
0,0,0,0,0,0,1
0,0,0,0,0,0,1
0,0,0,0,0,0,1
0,1,0,0,0,0,0
0,0,0,0,0,0,1
0,0,0,0,0,0,1
0,0,0,0,0,0,1
0,1,0,0,0,0,0
0,0,0,0,1,0,0
1,0,0,0,0,0,0
0,0,0,1,0,0,0
1,0,0,0,1,0,0
1,0,0,0,0,0,0
0,0,0,0,0,0,1
1,0,0,0,0,0,0
0,1,0,0,0,0,0
0,0,0,0,0,0,1
0,0,0,0,0,1,0
0,0,0,1,0,0,0
0,0,0,0,0,0,0
0,0,0,0,0,0,1
0,0,0,0,0,0,1
1,0,0,0,0,0,0
0,1,0,0,0,0,0
0,0,0,0,0,0,0
0,0,0,0,0,0,1
0,0,0,1,0,0,0
0,1,0,0,0,0,0
0,0,0,1,0,0,0
0,0,0,0,0,0,1
1,0,0,0,0,0,0
0,0,0,1,0,0,0
0,0,0,0,1,0,0
0,0,0,0,0,0,0
0,0,0,0,0,0,1
0,0,0,0,1,0,0
0,0,0,0,1,0,0
1,0,0,0,0,0,0
1,0,0,0,0,0,0
0,1,0,0,0,0,0
0,0,0,0,0,0,1
0,1,0,0,0,0,0
0,1,0,0,0,0,0
0,0,0,0,0,0,1
1,0,0,0,0,0,0
0,0,0,0,0,0,0
0,0,0,1,0,0,0
1,0,0,0,0,0,0
0,0,0,0,0,0,1
1,0,0,0,0,0,0
0,0,0,0,0,0,1
0,1,0,0,0,0,0
0,0,0,0,0,0,0
1,0,0,0,0,0,0
0,1,0,0,0,0,0
0,0,0,0,0,0,0
0,0,0,0,1,0,0
0,0,0,0,0,0,0
0,0,0,0,1,0,0
0,1,0,0,0,0,0
0,0,0,0,0,0,1
0,0,0,0,0,0,0
0,1,0,0,0,0,0
0,0,0,0,0,0,1
0,1,0,0,0,0,0
0,0,0,0,0,1,0
0,0,0,0,0,0,0
0,0,0,0,0,0,0
0,0,0,0,0,0,1
0,0,0,0,1,0,0
0,0,0,0,0,0,1
0,1,0,0,0,0,0
0,0,0,1,0,0,0
0,0,0,0,0,0,0
1,0,0,0,0,0,0
0,0,0,0,0,0,0
0,0,0,0,0,0,1
0,0,0,0,0,0,0
1,0,0,0,0,0,0
0,0,0,0,0,0,1
0,0,0,0,0,0,0
0,1,0,0,0,0,0
0,0,0,0,0,0,1
0,0,0,0,0,0,1
0,1,0,0,0,0,0
1,0,0,0,0,0,0
1,0,0,0,0,0,0
0,0,0,0,0,0,0
0,0,0,0,0,0,0
0,0,0,0,0,0,1
0,1,0,0,0,0,0
0,0,0,0,0,0,0
0,0,0,0,0,0,1
0,1,0,0,0,0,0
0,0,0,1,0,0,1
0,0,0,0,0,0,0
1,0,0,0,0,0,0
0,0,0,1,0,0,0
0,0,0,0,0,0,0
0,0,0,0,0,0,1
0,0,0,1,0,0,0
0,0,0,0,1,0,1
0,0,0,0,0,0,0
0,0,0,0,1,0,0
1,0,0,0,0,0,0
0,0,0,1,0,0,0
1,0,0,0,0,0,0
1,0,0,0,0,0,0
0,0,0,0,0,0,0
1,0,0,0,0,0,0
0,0,0,0,1,0,0
0,1,0,0,0,0,0
0,0,0,0,1,0,0
1,0,0,0,0,0,0
0,0,0,0,0,1,0
0,0,0,0,0,0,0
1,0,0,0,0,0,0
0,0,0,0,0,0,0
0,0,0,0,0,0,1
0,0,0,0,0,0,0
0,1,0,0,0,0,0
0,0,0,0,0,0,1
0,1,0,0,0,0,0
0,1,0,0,0,0,0
0,0,0,0,0,0,1
0,1,0,0,0,0,0
0,0,0,0,0,0,0
0,0,0,0,0,0,0
0,0,0,0,0,0,1
0,0,0,0,0,0,0
0,0,0,0,0,0,0
0,0,0,0,1,0,0
0,0,0,0,0,0,0
0,0,0,1,0,0,0
0,0,0,0,0,0,0
0,0,0,0,0,0,0
0,0,0,0,0,0,1
1,0,0,0,0,0,0
0,1,0,0,0,0,0
0,0,0,0,1,0,0
0,0,0,0,1,0,0
0,0,0,1,0,0,0
0,0,0,0,1,0,0
0,0,0,0,0,0,0
0,1,0,0,0,0,0
0,0,0,0,0,0,1
0,0,0,0,0,0,0
0,1,0,0,0,0,0
0,0,1,0,0,0,0
0,0,0,0,1,0,0
0,0,0,0,0,0,1
0,1,0,0,0,0,0
0,0,1,0,0,0,0
0,0,0,0,0,0,0
0,0,0,0,0,0,0
0,0,0,0,0,0,0
0,0,0,0,0,0,1
0,1,0,0,0,0,0
0,0,0,0,0,0,1
0,0,0,0,0,0,0
0,1,0,0,0,0,0
1,0,0,0,0,0,0
0,0,0,0,1,0,0
0,0,0,0,0,1,0
0,1,0,0,0,0,0
0,0,0,0,0,0,1
0,0,0,0,0,0,1
0,0,0,0,0,0,1
0,1,0,0,0,0,0
0,0,0,1,0,0,0
0,0,0,0,0,0,1
0,0,0,0,0,0,0
0,0,0,0,0,0,0
0,1,0,0,0,0,0
0,1,0,0,0,0,0
0,1,0,0,0,0,0
1,0,0,0,1,0,0
0,0,0,0,0,0,0
0,0,0,0,0,0,1
0,0,0,0,0,0,0
1,0,0,0,0,0,0
0,1,0,0,0,0,0
0,0,0,0,0,0,0
0,0,0,0,0,0,1
0,0,0,0,0,0,0
0,0,0,1,0,0,1
1,0,0,0,0,0,0
0,0,0,0,0,0,0
0,1,0,0,0,0,0
0,1,0,0,0,0,0
0,1,0,0,0,0,0
0,0,0,0,0,0,0
0,0,0,1,0,0,1
0,0,0,1,0,0,0
0,1,0,0,0,0,0
0,0,0,0,0,0,0
0,0,0,0,0,1,0
0,1,0,0,0,0,0
1,0,0,0,1,0,0
1,0,0,0,0,0,0
0,0,0,0,0,0,1
0,0,0,0,1,0,0
0,0,0,0,1,0,0
0,1,0,0,0,0,0
0,0,0,0,0,0,0
0,1,0,0,0,0,0
0,0,0,0,0,0,1
1,0,0,0,0,0,0
0,1,0,0,0,0,0
0,1,0,0,0,0,0
0,0,0,0,0,0,0
1,0,0,0,0,0,0
0,0,0,0,0,0,0
0,0,0,0,0,0,1
1,0,0,0,0,0,0
0,0,0,0,0,0,0
0,1,0,0,0,0,0
0,0,0,0,0,0,1
0,0,0,0,0,0,0
0,1,0,0,0,0,0
0,0,0,0,0,0,1
0,1,0,0,0,0,0
0,0,0,0,0,0,0
0,1,0,0,0,0,0
0,0,0,0,0,0,0
0,1,0,0,0,0,0
0,0,0,0,0,0,1
0,0,0,0,0,0,1
0,0,0,0,0,0,1
0,1,0,0,0,0,0
0,1,0,0,0,0,0
0,0,0,0,1,0,0
0,0,0,1,0,0,1
0,0,0,0,0,0,0
0,0,0,1,0,0,0
0,0,0,0,0,0,0
0,1,0,0,0,0,0
0,1,0,0,0,0,0
0,0,0,0,0,0,0
0,0,0,0,0,0,1
1,0,0,0,0,0,0
0,0,0,1,0,0,0
0,0,0,0,0,0,0
1,0,0,0,0,0,0
0,1,0,0,0,0,0
0,1,0,0,0,0,0
0,1,0,0,0,0,0
1,0,0,0,0,0,0
0,1,0,0,0,0,0
0,0,0,1,0,0,0
0,0,0,0,0,0,1
0,0,0,1,0,0,0
0,0,1,0,0,0,0
0,0,0,0,0,0,0
1,0,0,0,0,0,0
1,0,0,0,0,0,0
0,0,0,0,0,0,1
0,0,0,0,0,0,0
0,0,0,0,0,0,0
0,0,0,0,0,0,1
1,0,0,0,0,0,0
0,0,0,0,0,0,0
0,0,0,0,0,0,0
0,1,0,0,0,0,0
0,1,0,0,0,0,0
1,0,0,0,0,0,0
1,0,0,0,0,0,0
1,0,0,0,0,0,0
0,0,0,0,0,0,1
0,1,0,0,0,0,0
0,0,0,0,0,0,0
0,0,0,0,0,1,0
0,0,0,0,0,0,1
0,0,0,0,1,0,0
0,0,0,0,0,0,0
0,0,0,0,0,0,1
0,0,0,0,0,0,1
1,0,0,0,0,0,0
0,1,0,0,0,0,0
0,1,0,0,0,0,0
1,0,0,0,0,0,0
0,0,0,0,1,0,0
0,0,0,0,0,0,1
0,0,0,0,0,0,1
0,0,0,0,0,0,0
0,1,0,0,0,0,0
0,0,0,0,0,0,0
0,0,0,1,0,0,0
0,0,0,1,0,0,1
0,0,0,0,0,0,0
1,0,0,0,0,0,0
0,0,0,0,0,0,0
0,0,0,0,0,0,0
1,0,0,0,0,0,0
0,0,0,0,0,0,1
0,0,0,0,0,0,0
1,0,0,0,1,0,0
0,0,0,0,0,0,1
0,0,0,0,0,0,0
0,0,0,0,0,0,0
0,1,0,0,0,1,0
0,1,0,0,0,0,0
0,0,0,0,1,0,0
0,1,0,0,0,0,0
0,0,0,0,0,0,1
1,0,0,0,0,0,0
1,0,0,0,0,0,0
0,0,0,0,0,0,0
1,0,0,0,1,0,0
0,0,0,0,0,0,0
0,1,0,0,0,0,0
0,0,0,0,0,0,1
0,0,0,0,0,0,1
1,0,0,0,0,0,0
0,0,0,0,1,0,0
0,0,0,0,0,0,0
0,0,0,0,0,0,1
0,0,0,0,0,0,0
0,0,0,0,0,0,0
0,0,0,0,0,0,0
0,1,0,0,0,0,0
0,0,0,0,0,0,0
0,0,0,0,0,0,1
0,0,0,0,0,0,0
0,0,0,0,0,0,1
0,0,0,0,0,0,0
0,1,0,0,0,0,0
0,1,0,0,0,0,1
0,0,1,0,0,0,1
0,1,0,0,0,0,0
0,0,0,0,0,0,0
0,0,0,0,1,0,0
0,1,0,0,0,0,0
0,0,0,0,0,0,1
0,1,0,0,0,0,0
0,1,0,0,0,0,0
0,1,0,0,0,0,0
0,0,0,0,0,0,1
0,0,0,0,0,0,0
1,0,0,0,0,0,0
0,0,0,0,0,0,0
1,0,0,0,1,0,0
0,1,0,0,0,0,0
0,0,0,0,0,0,1
0,1,0,0,0,0,0
0,0,0,0,0,0,0
1,0,0,0,0,0,0
0,0,0,0,0,0,0
0,0,0,0,0,0,0
1,0,0,0,0,0,0
0,1,0,0,0,0,0
0,0,0,0,0,1,0
0,1,0,0,0,0,0
0,0,0,0,0,0,0
0,0,0,1,0,0,1
0,0,0,0,0,0,0
0,0,0,0,0,0,1
0,0,0,0,0,0,1
0,1,0,0,0,0,0
0,0,0,1,0,0,1
0,0,0,0,1,0,0
0,1,0,0,0,0,0
0,0,0,0,0,0,0
0,0,0,1,0,0,0
1,0,0,0,0,0,1
0,0,0,0,0,1,0
0,1,1,0,0,0,0
0,0,0,0,0,0,0
0,0,0,0,0,0,1
1,0,0,0,0,0,0
1,0,0,0,0,0,0
0,0,0,0,0,0,0
0,0,0,1,0,0,0
0,0,0,0,1,0,0
0,0,0,0,0,0,1
1,0,0,0,0,0,0
0,0,0,1,0,0,0
0,0,0,0,0,0,1
0,1,0,0,0,0,0
1,0,0,0,0,0,0
0,0,0,0,0,0,0
0,0,0,1,0,0,0
0,0,0,0,0,0,0
0,0,0,0,0,0,1
1,0,0,0,0,0,0
0,0,0,0,0,0,0
1,0,0,0,0,0,0
0,1,0,0,0,0,0
1,0,0,0,0,0,1
0,0,0,1,0,0,0
0,1,0,0,0,0,1
0,0,0,0,0,0,1
1,0,0,0,0,0,0
0,0,0,0,0,1,0
1,0,0,0,0,0,0
1,0,0,0,0,0,0
0,0,0,0,0,0,1
1,0,0,0,0,0,0
0,1,0,0,0,0,0
0,0,0,0,0,0,1
0,0,0,1,0,0,0
1,0,0,0,0,0,0
1,0,0,0,0,0,0
0,0,0,0,0,0,1
0,0,0,0,0,0,0
0,0,0,0,0,0,0
0,0,0,1,0,0,0
0,0,0,0,0,0,0
0,0,0,0,0,0,0
0,0,0,0,0,0,0
0,1,0,0,0,0,0
0,0,0,0,0,0,1
0,1,0,0,0,0,0
0,0,0,1,0,0,0
0,1,0,0,0,0,0
1,0,0,0,0,0,0
0,0,0,0,0,0,0
0,1,0,0,0,0,0
0,1,0,0,0,0,0
1,0,0,0,0,0,0
0,1,0,0,0,0,0
0,1,0,0,0,0,0
0,0,0,0,0,0,0
1,0,0,0,0,0,0
0,0,0,0,0,0,1
0,1,0,0,0,0,0
1,0,0,0,0,0,1
0,0,0,0,1,0,0
0,0,0,0,0,0,1
0,0,0,0,1,0,0
0,0,0,0,0,0,0
0,0,0,0,0,0,0
1,0,0,0,0,0,0
0,0,0,0,0,0,0
0,0,0,0,0,0,0
0,0,0,0,0,0,1
0,0,0,0,0,0,1
0,0,0,0,0,0,1
1,0,0,0,0,0,0
0,1,0,0,0,0,0
1,0,0,0,0,0,0
0,0,0,0,0,0,0
0,0,0,0,0,0,1
0,0,0,0,0,0,1
0,0,0,0,0,0,0
0,0,0,0,0,0,0
1,0,1,0,0,0,0
0,1,0,0,0,0,0
0,0,0,0,0,0,0
1,0,0,0,0,0,0
0,0,0,0,0,0,0
0,0,0,0,0,0,0
0,0,0,0,1,0,0
0,0,0,1,0,0,0
1,0,0,0,0,0,1
0,0,0,0,0,1,0
0,0,0,0,1,0,0
0,0,0,0,0,0,0
1,0,0,0,0,0,0
0,0,0,0,0,0,0
0,0,0,0,0,0,0
0,1,0,0,0,0,0
0,0,0,0,0,0,1
0,0,0,0,0,0,1
0,1,0,0,0,0,0
0,0,0,1,0,0,0
0,0,0,0,0,0,1
0,0,0,0,0,0,0
1,0,0,0,0,0,0
0,1,0,0,0,0,0
0,1,0,0,0,0,0
0,0,0,0,0,1,0
0,0,0,0,0,0,1
1,0,0,0,0,0,0
0,0,0,1,0,0,1
0,0,0,0,0,0,1
0,1,0,0,0,0,1
0,0,0,0,1,0,0
0,0,0,0,0,0,1
0,0,0,0,0,0,0
0,0,0,0,0,0,1
0,0,0,0,0,0,0
0,1,0,0,0,0,0
0,0,0,0,0,0,1
0,1,1,0,0,0,0
0,0,0,1,0,0,0
0,0,0,0,0,0,1
0,0,0,0,0,0,0
0,0,0,0,0,0,0
0,0,0,0,0,0,1
0,0,0,0,0,0,0
1,0,0,0,0,0,0
0,0,0,0,0,0,1
0,0,0,0,0,0,0
0,0,0,0,0,0,0
0,0,0,0,0,0,1
0,0,0,0,0,0,0
1,0,0,0,0,0,0
1,0,0,0,0,0,0
0,1,0,0,0,0,0
0,0,0,0,0,0,1
0,1,0,0,0,0,0
0,0,0,0,0,0,0
0,0,0,0,0,0,0
0,0,0,1,0,0,0
0,0,0,0,0,0,1
0,0,0,0,0,0,1
1,0,0,0,0,0,0
0,0,0,0,0,0,0
0,0,0,0,0,0,0
0,1,0,0,0,0,0
0,0,0,1,0,0,0
1,0,0,0,0,0,0
0,0,0,0,0,0,1
0,1,0,0,0,0,0
0,0,0,0,0,0,0
1,0,0,0,0,0,0
0,1,0,0,0,0,0
0,0,0,0,0,0,0
0,0,0,0,0,0,1
0,0,0,0,0,0,1
0,0,0,0,0,0,1
0,0,0,1,0,0,1
1,0,0,0,0,0,1
0,0,0,0,0,0,0
1,0,0,0,1,0,0
0,0,0,1,0,0,0
0,0,0,0,0,0,0
1,0,0,0,0,0,0
0,0,0,1,0,0,0
1,0,0,0,0,0,0
1,0,0,0,0,0,0
0,0,0,0,0,0,0
0,0,0,0,0,1,0
0,0,0,0,0,0,0
1,0,0,0,0,0,1
0,0,0,0,0,0,1
0,0,0,0,0,0,0
0,0,0,0,0,0,1
0,1,0,0,0,0,0
0,1,0,0,0,0,0
0,0,0,0,0,0,0
0,1,0,0,0,0,0
0,0,0,1,0,0,0
0,0,0,0,0,0,1
0,1,0,0,0,1,0
0,0,0,0,1,0,0
0,0,0,0,0,0,1
0,0,0,0,0,0,1
0,0,0,1,0,0,0
0,1,0,0,0,0,0
1,0,0,0,0,0,0
0,0,0,1,0,0,1
0,0,0,0,0,0,1
0,0,0,0,0,0,1
0,0,0,0,0,0,1
0,0,0,0,0,0,1
0,0,0,1,0,0,0
0,0,0,1,0,0,0
1,0,0,0,0,0,0
0,0,0,0,0,0,0
0,0,0,0,0,0,0
1,0,0,0,0,0,0
0,0,0,0,1,0,0
0,0,0,0,0,0,0
1,0,0,0,0,0,0
1,0,0,0,0,0,0
0,0,0,0,0,0,0
1,0,0,0,0,0,0
0,0,0,0,0,0,1
0,0,0,0,0,0,1
0,1,0,0,0,0,0
0,0,0,0,0,0,1
0,0,0,0,0,1,0
0,0,0,0,0,0,1
0,0,0,0,0,0,1
0,1,0,0,0,0,0
0,0,0,0,0,1,0
0,0,0,1,0,0,1
0,0,0,0,0,0,0
0,0,0,0,0,0,0
0,0,0,0,0,0,1
0,1,0,0,0,0,0
0,0,0,0,0,0,0
0,0,0,0,0,0,0
0,1,0,0,0,0,0
1,0,0,0,0,0,0
0,1,0,0,0,0,0
0,0,0,0,0,0,1
0,1,0,0,0,0,0
0,0,0,0,0,0,0
0,0,0,0,0,0,0
0,0,0,1,0,0,0
0,0,0,0,0,0,0
0,0,0,0,1,0,0
0,0,0,0,0,0,1
0,0,0,0,0,1,0
1,0,0,0,1,0,0
0,0,0,0,0,0,1
0,1,0,0,0,0,0
0,0,0,0,0,0,0
1,0,0,0,0,0,0
0,0,0,0,0,0,1
0,1,0,0,0,0,0
0,0,0,0,0,0,1
0,0,0,0,0,0,1
1,0,0,0,0,0,0
0,0,0,1,0,0,0
0,0,0,0,0,0,0
0,1,0,0,0,0,0
1,0,0,0,0,0,0
0,0,0,0,0,0,0
0,0,0,0,0,0,1
1,0,0,0,0,0,0
0,0,0,0,0,0,0
0,0,0,0,0,0,0
0,0,0,0,0,0,0
0,1,0,0,0,0,0
0,0,0,0,0,0,1
0,0,0,1,0,0,0
0,1,0,0,0,0,0
0,0,0,1,0,0,1
0,1,0,0,0,0,0
0,0,0,0,0,0,1
0,0,0,0,0,0,1
1,0,0,0,0,0,0
0,0,0,0,0,0,1
0,0,0,1,0,0,0
0,0,0,0,1,0,0
0,0,0,0,0,0,0
0,0,0,0,0,0,0
0,0,0,0,0,0,0
0,0,0,0,0,0,0
0,1,0,0,0,0,0
1,0,0,0,0,0,0
0,0,0,1,0,0,0
0,0,0,0,0,0,0
1,0,0,0,0,0,0
0,1,0,0,0,0,0
0,1,0,0,0,0,0
0,0,0,0,0,0,0
0,0,0,0,0,0,1
0,1,0,0,0,0,0
0,0,0,0,0,0,1
0,0,1,0,0,0,0
0,0,0,0,0,0,0
0,0,0,0,0,0,1
0,1,0,0,0,0,0
0,0,0,0,0,0,0
0,1,0,0,0,0,0
0,0,0,0,0,0,1
0,0,0,0,1,0,0
0,1,0,0,0,0,0
0,0,0,1,0,0,1
0,0,0,0,0,0,0
0,0,0,0,0,0,1
0,1,0,0,0,0,0
1,0,0,0,0,0,0
0,0,0,0,0,0,0
0,0,0,0,0,0,1
0,1,0,0,0,0,0
0,0,0,0,0,0,0
1,0,0,0,0,0,0
0,1,0,0,0,0,0
1,0,0,0,0,0,0
0,0,0,0,0,0,0
0,0,0,0,0,0,1
0,0,0,0,0,0,1
0,0,0,0,0,0,0
0,0,0,0,0,0,0
0,0,0,0,0,0,1
0,0,0,0,0,0,0
0,0,0,0,0,0,1
0,0,0,0,0,0,0
0,0,0,0,0,0,1
0,0,0,0,0,0,0
0,0,0,0,0,0,1
0,0,0,0,0,0,0
0,0,0,0,0,0,1
0,0,0,0,0,0,1
0,0,0,0,0,0,0
0,0,0,0,0,0,1
0,0,0,0,0,0,1
0,1,0,0,0,0,1
0,1,0,0,0,0,0
0,0,0,0,0,0,1
0,0,0,1,0,0,0
0,1,0,0,0,0,0
0,0,0,0,0,0,1
0,1,0,0,0,0,0
0,1,0,0,0,0,0
0,1,0,0,0,0,0
0,0,0,0,0,0,0
0,0,0,0,0,0,1
0,0,0,0,0,0,0
0,1,0,0,0,0,0
0,0,0,0,0,0,1
0,1,0,0,0,0,0
0,0,1,0,0,0,0
0,1,0,0,0,0,0
0,0,0,0,0,0,1
1,0,0,0,0,0,0
1,0,0,0,1,0,0
0,1,0,0,0,0,0
0,1,0,0,0,0,0
1,0,0,0,0,0,0
0,0,0,0,0,0,1
0,1,0,0,0,1,0
0,0,0,0,0,0,0
0,0,0,1,0,0,1
0,0,0,0,0,0,0
1,0,0,0,0,0,0
0,0,0,0,0,0,1
0,0,0,0,1,0,0
0,0,0,0,0,0,0
0,0,0,0,0,0,1
0,0,0,0,0,0,1
0,0,0,0,0,0,0
0,0,0,0,0,0,1
0,0,0,0,0,0,0
0,0,0,0,0,0,0
0,0,0,0,0,0,0
0,0,0,0,0,0,1
0,0,0,0,0,0,1
0,0,0,0,0,0,0
0,0,0,0,0,0,0
0,1,0,0,0,0,0
0,1,0,0,0,0,0
0,1,0,0,0,0,0
0,0,0,0,0,0,1
0,1,0,0,0,0,0
0,1,0,0,0,0,0
0,0,0,0,0,0,0
0,0,0,0,0,0,1
0,0,0,0,0,0,0
0,0,0,0,0,0,0
0,1,0,0,0,0,0
1,0,0,0,0,0,0
0,0,0,0,0,0,0
0,1,0,0,0,0,0
0,0,0,0,0,0,0
0,0,0,0,0,0,0
1,0,0,0,0,0,0
1,0,0,0,0,0,0
0,0,0,0,0,1,0
0,1,0,0,0,0,0
0,0,0,0,0,0,0
0,0,0,0,0,0,0
0,0,0,0,0,0,0
0,0,0,0,0,0,1
0,0,0,0,0,0,1
0,0,0,0,0,0,1
0,1,0,0,0,0,0
1,0,0,0,0,0,0
0,0,0,0,0,0,0
0,0,0,0,0,0,1
0,0,0,0,0,0,1
0,0,0,0,0,0,0
0,0,0,0,1,0,0
0,0,0,0,0,0,0
0,1,0,0,0,0,0
0,1,0,0,0,0,0
0,0,0,0,0,0,1
0,1,0,0,0,0,0
0,0,0,0,0,0,0
0,0,0,0,0,0,0
0,0,0,0,0,0,0
0,0,0,0,0,0,0
0,0,0,1,0,0,0
0,0,0,0,0,0,0
